-- phpMyAdmin SQL Dump
-- version 5.2.1
-- https://www.phpmyadmin.net/
--
-- Host: 127.0.0.1
-- Generation Time: Jun 17, 2025 at 09:32 AM
-- Server version: 10.4.32-MariaDB
-- PHP Version: 8.1.32

SET SQL_MODE = "NO_AUTO_VALUE_ON_ZERO";
START TRANSACTION;
SET time_zone = "+00:00";


/*!40101 SET @OLD_CHARACTER_SET_CLIENT=@@CHARACTER_SET_CLIENT */;
/*!40101 SET @OLD_CHARACTER_SET_RESULTS=@@CHARACTER_SET_RESULTS */;
/*!40101 SET @OLD_COLLATION_CONNECTION=@@COLLATION_CONNECTION */;
/*!40101 SET NAMES utf8mb4 */;

--
-- Database: `mle_inventory`
--

-- --------------------------------------------------------

--
-- Table structure for table `categories`
--

CREATE TABLE `categories` (
  `id` int(11) NOT NULL,
  `category` enum('Laptop','Smart Phone','Monitor','Mouse','Printer','CPU') NOT NULL,
  `description` text DEFAULT NULL,
  `created_at` timestamp NOT NULL DEFAULT current_timestamp()
) ENGINE=InnoDB DEFAULT CHARSET=latin1 COLLATE=latin1_swedish_ci;

--
-- Dumping data for table `categories`
--

INSERT INTO `categories` (`id`, `category`, `description`, `created_at`) VALUES
(28, 'Laptop', 'Lenovo ThinkPad E15', '2025-06-13 07:53:45'),
(29, 'Monitor', 'HP HC241', '2025-06-13 07:54:03'),
(30, 'Monitor', 'HP Elite Display M24f', '2025-06-13 07:54:18'),
(31, 'Smart Phone', 'Samsung Galaxy A14', '2025-06-13 07:54:36'),
(32, 'Smart Phone', 'Samsung Galaxy A24', '2025-06-13 07:54:53'),
(33, 'Smart Phone', 'Samsung Galaxy A13', '2025-06-13 07:55:09'),
(34, 'Monitor', 'HP M24f Monitor', '2025-06-13 07:55:45'),
(35, 'Laptop', 'Lenovo ThinkPad E16', '2025-06-13 07:56:03'),
(36, 'Monitor', 'HP E222 Monitor', '2025-06-13 07:56:25'),
(37, 'Laptop', 'Lenovo E490', '2025-06-13 07:56:41'),
(38, 'Monitor', 'HP 8081L Monitor', '2025-06-13 07:56:55'),
(39, 'Monitor', 'Lenovo LI1931ewA Monitor', '2025-06-13 07:57:13'),
(40, 'Smart Phone', 'Samsung Galaxy A12', '2025-06-13 07:57:31'),
(41, 'Smart Phone', 'Tecno Spark 5 Pro KD7', '2025-06-13 07:57:48'),
(42, 'Laptop', 'Lenovo IdeaPad S145', '2025-06-13 07:58:10'),
(43, 'Smart Phone', 'Tecno Spark 2', '2025-06-13 07:58:25'),
(44, 'Smart Phone', 'Tecno Y6', '2025-06-13 07:58:37'),
(45, 'Smart Phone', 'Tecno Spark 6', '2025-06-13 07:59:10'),
(46, 'Smart Phone', 'Samsung Grand Prime +', '2025-06-13 07:59:31'),
(47, 'Smart Phone', 'Tecno KC8', '2025-06-13 07:59:46'),
(48, 'Smart Phone', 'Samsung A10S', '2025-06-13 08:00:17'),
(49, 'Smart Phone', 'Samsung GT-S5301', '2025-06-13 08:00:39'),
(50, 'Smart Phone', 'Tecno L8', '2025-06-13 08:01:16'),
(51, 'Smart Phone', 'Tecno P5-PLUS', '2025-06-13 08:01:38'),
(52, 'Smart Phone', 'Tecno SPARK 2-KA7', '2025-06-13 08:01:53'),
(53, 'Smart Phone', 'Tecno SPARK -4', '2025-06-13 08:02:09'),
(54, 'Smart Phone', 'Samsung Galaxy J3-7', '2025-06-13 08:02:26'),
(55, 'Smart Phone', 'Samsung Galaxy J3-6', '2025-06-13 08:02:40'),
(56, 'Smart Phone', 'Samsung Galaxy J3-8', '2025-06-13 08:06:40'),
(57, 'Smart Phone', 'Tecno KA7', '2025-06-13 08:06:56'),
(58, 'Smart Phone', 'Tecno Spark A5', '2025-06-13 08:07:48'),
(59, 'Monitor', 'HP V213a Monitor', '2025-06-13 08:08:19'),
(60, 'Laptop', 'Lenovo ThinkBook 15', '2025-06-13 08:08:52'),
(61, 'Smart Phone', 'Tecno Spark 7', '2025-06-13 08:09:26'),
(62, 'Monitor', 'HP Elite Display E243', '2025-06-13 08:09:53'),
(63, 'Monitor', 'Dell Monitor', '2025-06-13 08:10:08'),
(64, 'Laptop', 'Lenovo V510', '2025-06-13 08:10:50'),
(65, 'Laptop', 'Lenovo ThinkPad E580', '2025-06-13 08:11:18'),
(66, 'Monitor', 'HP 24FW Monitor', '2025-06-13 08:11:56'),
(67, 'Monitor', 'HP V197 Monitor', '2025-06-13 08:13:54'),
(68, 'Smart Phone', 'Samsung Galaxy A10s', '2025-06-13 08:14:18'),
(69, 'Laptop', 'Lenovo ThinkPad E14', '2025-06-13 08:15:49'),
(70, 'Monitor', 'Lenovo L24e - 30', '2025-06-13 08:16:13'),
(71, 'Laptop', 'Lenovo T470 Laptop', '2025-06-13 08:16:29'),
(72, 'Monitor', 'HP 24es Monitor', '2025-06-13 08:18:46');

-- --------------------------------------------------------

--
-- Table structure for table `confirmation_log`
--

CREATE TABLE `confirmation_log` (
  `id` int(11) NOT NULL,
  `inventory_assignment_id` int(11) NOT NULL,
  `confirmation_date` datetime NOT NULL,
  `confirmed_by` varchar(255) NOT NULL,
  `status` varchar(255) NOT NULL
) ENGINE=InnoDB DEFAULT CHARSET=latin1 COLLATE=latin1_swedish_ci;

-- --------------------------------------------------------

--
-- Table structure for table `departments`
--

CREATE TABLE `departments` (
  `id` int(11) NOT NULL,
  `department_name` varchar(255) NOT NULL,
  `created_at` timestamp NOT NULL DEFAULT current_timestamp(),
  `parent_id` int(11) DEFAULT NULL
) ENGINE=InnoDB DEFAULT CHARSET=latin1 COLLATE=latin1_swedish_ci;

--
-- Dumping data for table `departments`
--

INSERT INTO `departments` (`id`, `department_name`, `created_at`, `parent_id`) VALUES
(23, 'EV-AC', '2025-06-12 07:16:15', NULL),
(24, 'MLE - D', '2025-06-12 07:16:20', NULL),
(25, 'Data Analysis & Learning', '2025-06-12 07:16:53', 24),
(26, 'Field Monitoring', '2025-06-12 07:17:07', 24),
(27, 'Field Operations', '2025-06-12 07:17:36', 26),
(28, 'Quality Analysis & Quality Control', '2025-06-12 07:18:42', 26),
(29, 'Data Analysis', '2025-06-12 07:19:11', 25),
(30, 'Data Learning', '2025-06-12 07:19:27', 25),
(31, 'Program Data Management', '2025-06-12 07:19:48', 25),
(32, 'Information Systems', '2025-06-12 07:19:59', 25),
(33, 'Information Technology', '2025-06-12 07:20:08', 23);

-- --------------------------------------------------------

--
-- Table structure for table `inventory`
--

CREATE TABLE `inventory` (
  `id` int(11) NOT NULL,
  `category_id` int(11) DEFAULT NULL,
  `description` varchar(255) DEFAULT NULL,
  `serial_number` varchar(255) DEFAULT NULL,
  `tag_number` varchar(255) DEFAULT NULL,
  `acquisition_date` date DEFAULT NULL,
  `acquisition_cost` decimal(10,2) DEFAULT NULL,
  `warranty_date` date DEFAULT NULL,
  `created_at` timestamp NOT NULL DEFAULT current_timestamp(),
  `location` varchar(100) DEFAULT NULL,
  `custodian` varchar(100) DEFAULT NULL
) ENGINE=InnoDB DEFAULT CHARSET=latin1 COLLATE=latin1_swedish_ci;

--
-- Dumping data for table `inventory`
--

INSERT INTO `inventory` (`id`, `category_id`, `description`, `serial_number`, `tag_number`, `acquisition_date`, `acquisition_cost`, `warranty_date`, `created_at`, `location`, `custodian`) VALUES
(73, 28, 'Lenovo ThinkPad E15', 'PF3RGXFA', '202147', '2023-08-03', 0.00, NULL, '2025-06-13 08:50:30', '11', '65'),
(74, 28, 'Lenovo ThinkPad E15', 'PF44ENHP', '600076', '2023-08-03', 0.00, NULL, '2025-06-13 08:51:43', '19', '68'),
(75, 28, 'Lenovo ThinkPad E15', 'PF44DZ6W', '400588', '2023-08-03', 0.00, NULL, '2025-06-13 08:53:26', '20', '67'),
(76, 28, 'Lenovo ThinkPad E15', 'PF3RNR26', NULL, '2023-08-03', 0.00, NULL, '2025-06-13 08:54:50', '21', '66'),
(77, 28, 'Lenovo ThinkPad E15', 'PF3RGXHP', '202146', '2023-08-03', 0.00, NULL, '2025-06-13 08:58:15', '11', '65'),
(78, 28, 'Lenovo ThinkPad E15', 'PF3RQJ49', '202641', '2023-08-03', 0.00, NULL, '2025-06-13 08:58:15', '11', '65'),
(79, 28, 'Lenovo ThinkPad E15', 'PF3RKA3A', '600077', '2023-08-03', 0.00, NULL, '2025-06-13 08:58:15', '19', '68'),
(80, 28, 'Lenovo ThinkPad E15', 'PF3REYAG', '200663', '2023-08-03', 0.00, NULL, '2025-06-13 08:58:15', '19', '68'),
(81, 28, 'Lenovo ThinkPad E15', 'PF3RQF59', '400630', '2023-08-03', 0.00, NULL, '2025-06-13 08:58:15', '20', '67'),
(82, 28, 'Lenovo ThinkPad E15', 'PF4D381M', '200675', '2023-06-30', 0.00, NULL, '2025-06-13 08:58:15', '21', '66'),
(83, 28, 'Lenovo ThinkPad E15', 'PF4D3KEQ', '200680', '2023-08-17', 0.00, NULL, '2025-06-13 08:58:15', '11', '65'),
(84, 28, 'Lenovo ThinkPad E15', 'PF4D3ADV', '200681', '2023-08-17', 0.00, NULL, '2025-06-13 08:58:15', '11', '65'),
(85, 28, 'Lenovo ThinkPad E15', 'PF4D2RM6', '200682', '2023-08-17', 0.00, NULL, '2025-06-13 08:58:15', '11', '65'),
(86, 28, 'Lenovo ThinkPad E15', 'PF4D3CNJ', '200679', '2023-08-17', 0.00, NULL, '2025-06-13 08:58:15', '11', '65'),
(87, 28, 'Lenovo ThinkPad E15', 'PF4D3Q25', '200683', '2023-08-17', 0.00, NULL, '2025-06-13 08:58:15', '11', '65'),
(88, 28, 'Lenovo ThinkPad E15', 'PF4GRYYP', '201225', '2023-08-17', 0.00, NULL, '2025-06-13 08:58:15', '11', '65'),
(89, 28, 'Lenovo ThinkPad E15', 'PF4GS5PG', '201527', '2023-08-17', 0.00, NULL, '2025-06-13 08:58:15', '11', '65'),
(90, 28, 'Lenovo ThinkPad E15', 'PF4GSH02', '201528', '2023-08-17', 0.00, NULL, '2025-06-13 08:58:15', '11', '65'),
(91, 28, 'Lenovo ThinkPad E15', 'PF4FK3NJ', '202451', '2023-10-27', 0.00, NULL, '2025-06-13 08:58:15', '11', '65'),
(92, 28, 'Lenovo ThinkPad E15', 'PF4FK1BJ', '202452', '2023-10-27', 0.00, NULL, '2025-06-13 08:58:15', '11', '65'),
(93, 28, 'Lenovo ThinkPad E15', 'PF4FLSTZ', '202453', '2023-10-27', 0.00, NULL, '2025-06-13 08:58:15', '11', '65'),
(94, 28, 'Lenovo ThinkPad E15', 'PF4FLSTE', '202454', '2023-10-27', 0.00, NULL, '2025-06-13 08:58:15', '11', '65'),
(95, 28, 'Lenovo ThinkPad E15', 'PF4FK1E2', '202455', '2023-10-27', 0.00, NULL, '2025-06-13 08:58:15', '11', '65'),
(96, 28, 'Lenovo ThinkPad E15', 'PF4FK1EB', NULL, '2023-10-27', 0.00, NULL, '2025-06-13 08:58:15', '21', '66'),
(97, 28, 'Lenovo ThinkPad E15', 'PF4FLSRJ', NULL, '2023-10-27', 0.00, NULL, '2025-06-13 08:58:15', '21', '66'),
(98, 28, 'Lenovo ThinkPad E15', 'PF4FJZ5R', NULL, '2023-10-27', 0.00, NULL, '2025-06-13 08:58:15', '21', '66'),
(99, 28, 'Lenovo ThinkPad E15', 'PF4FJZ4Z', NULL, '2023-10-27', 0.00, NULL, '2025-06-13 08:58:15', '21', '66'),
(100, 28, 'Lenovo ThinkPad E15', 'PF4FK1DM', '200690', '2023-10-27', 0.00, NULL, '2025-06-13 08:58:15', '11', '65'),
(101, 28, 'Lenovo ThinkPad E15', 'PF4FLQHV', '200688', '2023-10-27', 0.00, NULL, '2025-06-13 08:58:15', '11', '65'),
(102, 28, 'Lenovo ThinkPad E15', 'PF4FLSR1', '200693', '2023-10-27', 0.00, NULL, '2025-06-13 08:58:15', '11', '65'),
(103, 28, 'Lenovo ThinkPad E15', 'PF4FJZ5B', '200691', '2023-10-27', 0.00, NULL, '2025-06-13 08:58:15', '11', '65'),
(104, 28, 'Lenovo ThinkPad E15', 'PF4FLQGR', '200689', '2023-10-27', 0.00, NULL, '2025-06-13 08:58:15', '11', '65'),
(105, 28, 'Lenovo ThinkPad E15', 'PF4FLQH4', '200692', '2023-10-27', 0.00, NULL, '2025-06-13 08:58:15', '11', '65'),
(106, 29, 'HP HC241', 'CN41283MLR', '200662', '2023-04-24', 0.00, NULL, '2025-06-13 08:58:15', '11', '65'),
(107, 29, 'HP HC241', 'CN41283MN8', NULL, '2023-04-24', 0.00, NULL, '2025-06-13 08:58:15', '11', '65'),
(108, 29, 'HP Elite Display M24f', '3CM2223H83', '200654', '2023-03-13', 0.00, NULL, '2025-06-13 08:58:15', '11', '65'),
(109, 29, 'HP Elite Display M24f', '3CM2223HNW', '200656', '2023-03-13', 0.00, NULL, '2025-06-13 08:58:15', '11', '65'),
(110, 29, 'HP Elite Display M24f', '3CM2223FRL', '200655', '2023-03-13', 0.00, NULL, '2025-06-13 08:58:15', '11', '65'),
(111, 29, 'HP Elite Display M24f', '3CM2223HND', '200658', '2023-03-13', 0.00, NULL, '2025-06-13 08:58:15', '11', '65'),
(112, 29, 'HP Elite Display M24f', '3CM2223HNV', '200660', '2023-03-13', 0.00, NULL, '2025-06-13 08:58:15', '11', '65'),
(113, 29, 'HP Elite Display M24f', '3CM2223H4Q', '201083', '2023-03-13', 0.00, NULL, '2025-06-13 09:03:18', '11', '65'),
(114, 29, 'HP Elite Display M24f', '3CM2223H82', '200657', '2023-03-13', 0.00, NULL, '2025-06-13 09:03:18', '11', '65'),
(115, 31, 'Samsung Galaxy A14', 'RF8W60HTPJD', NULL, '2023-08-15', 0.00, NULL, '2025-06-13 09:03:18', '11', '65'),
(116, 31, 'Samsung Galaxy A24', 'RZ8W406G4NA', NULL, '2023-08-15', 0.00, NULL, '2025-06-13 09:03:18', '11', '65'),
(117, 31, 'Samsung Galaxy A14', 'R58W213CG1Z', NULL, '2023-08-15', 0.00, NULL, '2025-06-13 09:03:18', '11', '65'),
(118, 31, 'Samsung Galaxy A13', 'RZ8W10PAKAK', NULL, '2023-03-01', 0.00, NULL, '2025-06-13 09:03:18', '21', '66'),
(119, 31, 'Samsung Galaxy A13', 'RZ8W10NKZPP', NULL, '2023-03-01', 0.00, NULL, '2025-06-13 09:03:18', '21', '66'),
(120, 31, 'Samsung Galaxy A13', 'RZ8W10NL2KE', NULL, '2023-03-01', 0.00, NULL, '2025-06-13 09:03:18', '21', '66'),
(121, 31, 'Samsung Galaxy A13', 'RZ8W10NKZ3T', NULL, '2023-03-01', 0.00, NULL, '2025-06-13 09:03:18', '21', '66'),
(122, 31, 'Samsung Galaxy A13', 'RZ8W10PA1RV', NULL, '2023-03-01', 0.00, NULL, '2025-06-13 09:03:18', '21', '66'),
(123, 31, 'Samsung Galaxy A13', 'RZWW10NL1SH', NULL, '2023-03-01', 0.00, NULL, '2025-06-13 09:03:18', '21', '66'),
(124, 31, 'Samsung Galaxy A13', 'RZ8W10P9LWK', NULL, '2023-03-01', 0.00, NULL, '2025-06-13 09:03:18', '21', '66'),
(125, 31, 'Samsung Galaxy A13', 'RZ8W10NLJJB', NULL, '2023-03-01', 0.00, NULL, '2025-06-13 09:03:18', '21', '66'),
(126, 31, 'Samsung Galaxy A13', 'RZ8W10PAB0E', NULL, '2023-03-01', 0.00, NULL, '2025-06-13 09:03:18', '21', '66'),
(127, 31, 'Samsung Galaxy A13', 'RZ8W10NKYGB', NULL, '2023-03-01', 0.00, NULL, '2025-06-13 09:03:18', '21', '66'),
(128, 31, 'Samsung Galaxy A13', 'RZ8W10NL552P', NULL, '2023-03-01', 0.00, NULL, '2025-06-13 09:03:18', '21', '66'),
(129, 31, 'Samsung Galaxy A13', 'RZ8W10PB8CY', NULL, '2023-03-01', 0.00, NULL, '2025-06-13 09:03:18', '21', '66'),
(130, 31, 'Samsung Galaxy A13', 'RZ8W10NKY6V', NULL, '2023-03-01', 0.00, NULL, '2025-06-13 09:03:18', '21', '66'),
(131, 31, 'Samsung Galaxy A13', 'RZ8W10NL7LK', NULL, '2023-03-01', 0.00, NULL, '2025-06-13 09:03:18', '21', '66'),
(132, 31, 'Samsung Galaxy A13', 'RZ8W10NKHLF', NULL, '2023-03-01', 0.00, NULL, '2025-06-13 09:03:18', '21', '66'),
(133, 31, 'Samsung Galaxy A13', 'RZ8W10PB7GX', NULL, '2023-03-01', 0.00, NULL, '2025-06-13 09:03:18', '21', '66'),
(134, 31, 'Samsung Galaxy A13', 'RZ8W10PB1TF', NULL, '2023-03-01', 0.00, NULL, '2025-06-13 09:03:18', '11', '65'),
(135, 31, 'Samsung Galaxy A13', 'RZ8W10NL1EV', NULL, '2023-03-01', 0.00, NULL, '2025-06-13 09:03:18', '11', '65'),
(136, 31, 'Samsung Galaxy A13', 'RZ8W10P9KAB', NULL, '2023-03-01', 0.00, NULL, '2025-06-13 09:03:18', '11', '65'),
(137, 31, 'Samsung Galaxy A13', 'RZ8W10P9XJZ', NULL, '2023-03-01', 0.00, NULL, '2025-06-13 09:03:18', '11', '65'),
(138, 31, 'Samsung Galaxy A13', 'RZ8W10NJYSZ', NULL, '2023-03-01', 0.00, NULL, '2025-06-13 09:03:18', '11', '65'),
(139, 31, 'Samsung Galaxy A13', 'RZ8W10NKYXN', NULL, '2023-03-01', 0.00, NULL, '2025-06-13 09:03:18', '11', '65'),
(140, 31, 'Samsung Galaxy A13', 'RZ8W10NKZ1D', NULL, '2023-03-01', 0.00, NULL, '2025-06-13 09:03:18', '20', '67'),
(141, 31, 'Samsung Galaxy A13', 'RZ8W10PAKKL', NULL, '2023-03-01', 0.00, NULL, '2025-06-13 09:03:18', '20', '67'),
(142, 31, 'Samsung Galaxy A13', 'RZ8W10NKWZT', NULL, '2023-03-01', 0.00, NULL, '2025-06-13 09:03:18', '20', '67'),
(143, 31, 'Samsung Galaxy A13', 'RZ8W10NKYVW', NULL, '2023-03-01', 0.00, NULL, '2025-06-13 09:03:18', '20', '67'),
(144, 31, 'Samsung Galaxy A13', 'RZ8W10NLKCY', NULL, '2023-03-01', 0.00, NULL, '2025-06-13 09:03:18', '20', '67'),
(145, 31, 'Samsung Galaxy A13', 'RZ8W10PBE8A', NULL, '2023-03-01', 0.00, NULL, '2025-06-13 09:03:18', '20', '67'),
(146, 31, 'Samsung Galaxy A13', 'RZ8W10PAE5A', NULL, '2023-03-01', 0.00, NULL, '2025-06-13 09:03:18', '20', '67'),
(147, 31, 'Samsung Galaxy A13', 'RZ8W10PA3FW', NULL, '2023-03-01', 0.00, NULL, '2025-06-13 09:03:18', '20', '67'),
(148, 31, 'Samsung Galaxy A13', 'RZ8W10PACQZ', NULL, '2023-03-01', 0.00, NULL, '2025-06-13 09:03:18', '20', '67'),
(149, 31, 'Samsung Galaxy A13', 'RZ8W10NLJEM', NULL, '2023-03-01', 0.00, NULL, '2025-06-13 09:03:18', '20', '67'),
(150, 31, 'Samsung Galaxy A14', 'RF8W60KBRMA', NULL, '2023-10-13', 0.00, NULL, '2025-06-13 09:03:18', '11', '65'),
(151, 31, 'Samsung Galaxy A14', 'RF8W60KZ38P', NULL, '2023-10-13', 0.00, NULL, '2025-06-13 09:03:18', '11', '65'),
(152, 31, 'Samsung Galaxy A14', 'RF8W806ZLLE', NULL, '2023-10-13', 0.00, NULL, '2025-06-13 09:03:18', '11', '65'),
(153, 31, 'Samsung Galaxy A14', 'RF8W807016K', NULL, '2023-10-13', 0.00, NULL, '2025-06-13 09:03:18', '11', '65'),
(154, 31, 'Samsung Galaxy A14', 'RF8W8072EPD', NULL, '2023-10-13', 0.00, NULL, '2025-06-13 09:03:18', '11', '65'),
(155, 31, 'Samsung Galaxy A14', 'RF8W90PBN6B', NULL, '2024-02-06', 0.00, NULL, '2025-06-13 09:03:18', '11', '65'),
(156, 31, 'Samsung Galaxy A14', 'RF8W90PBV1H', NULL, '2024-02-06', 0.00, NULL, '2025-06-13 09:03:18', '11', '65'),
(157, 31, 'Samsung Galaxy A14', 'RF8W90PBSWP', NULL, '2024-02-06', 0.00, NULL, '2025-06-13 09:03:18', '11', '65'),
(158, 31, 'Samsung Galaxy A14', 'RF8W90PBW2T', NULL, '2024-02-06', 0.00, NULL, '2025-06-13 09:03:18', '11', '65'),
(159, 31, 'Samsung Galaxy A14', 'RF8W90PBNEM', NULL, '2024-02-06', 0.00, NULL, '2025-06-13 09:03:18', '11', '65'),
(160, 31, 'Samsung Galaxy A14', 'RF8W90NQ7HV', NULL, '2024-02-06', 0.00, NULL, '2025-06-13 09:03:18', '11', '65'),
(161, 31, 'Samsung Galaxy A14', 'RF8W90PBPZX', NULL, '2024-02-06', 0.00, NULL, '2025-06-13 09:03:18', '11', '65'),
(162, 31, 'Samsung Galaxy A14', 'RF8W90HXY8Z', NULL, '2024-02-06', 0.00, NULL, '2025-06-13 09:03:18', '11', '65'),
(163, 31, 'Samsung Galaxy A14', 'RF8W90PBX1R', NULL, '2024-02-06', 0.00, NULL, '2025-06-13 09:11:14', '11', '65'),
(164, 31, 'Samsung Galaxy A14', 'RF8W90PBP9B', NULL, '2024-02-06', 0.00, NULL, '2025-06-13 09:11:14', '11', '65'),
(165, 31, 'Samsung Galaxy A14', 'RF8W90PBKVZ', NULL, '2024-02-06', 0.00, NULL, '2025-06-13 09:11:14', '11', '65'),
(166, 31, 'Samsung Galaxy A14', 'RF8W90PBKPL', NULL, '2024-02-06', 0.00, NULL, '2025-06-13 09:11:14', '11', '65'),
(167, 31, 'Samsung Galaxy A14', 'RF8W90PBKWT', NULL, '2024-02-06', 0.00, NULL, '2025-06-13 09:11:14', '11', '65'),
(168, 31, 'Samsung Galaxy A14', 'RF8W90PBLZT', NULL, '2024-02-06', 0.00, NULL, '2025-06-13 09:11:14', '11', '65'),
(169, 31, 'Samsung Galaxy A14', 'RF8W90PBYTT', NULL, '2024-02-06', 0.00, NULL, '2025-06-13 09:11:14', '19', '68'),
(170, 31, 'Samsung Galaxy A14', 'RF8W90PBZ7R', NULL, '2024-02-06', 0.00, NULL, '2025-06-13 09:11:14', '11', '65'),
(171, 31, 'Samsung Galaxy A14', 'RF8W90NQA0T', NULL, '2024-02-06', 0.00, NULL, '2025-06-13 09:11:14', '11', '65'),
(172, 31, 'Samsung Galaxy A14', 'RF8W90PBL3F', NULL, '2024-02-06', 0.00, NULL, '2025-06-13 09:11:14', '11', '65'),
(173, 31, 'Samsung Galaxy A14', 'RF8W90PBW4H', NULL, '2024-02-06', 0.00, NULL, '2025-06-13 09:11:14', '11', '65'),
(174, 31, 'Samsung Galaxy A14', 'RF8W90PBP4W', NULL, '2024-02-06', 0.00, NULL, '2025-06-13 09:11:14', '11', '65'),
(175, 31, 'Samsung Galaxy A14', 'RF8W90PBR8Z', NULL, '2024-02-06', 0.00, NULL, '2025-06-13 09:11:14', '11', '65'),
(176, 31, 'Samsung Galaxy A14', 'RF8W90PBN9F', NULL, '2024-02-06', 0.00, NULL, '2025-06-13 09:11:14', '11', '65'),
(177, 31, 'Samsung Galaxy A14', 'RF8W90PBVAA', NULL, '2024-02-06', 0.00, NULL, '2025-06-13 09:11:14', '11', '65'),
(178, 31, 'Samsung Galaxy A14', 'RF8W90NQD3L', NULL, '2024-02-06', 0.00, NULL, '2025-06-13 09:11:14', '11', '65'),
(179, 31, 'Samsung Galaxy A14', 'RF8W90JZ4VR', NULL, '2024-02-06', 0.00, NULL, '2025-06-13 09:11:14', '11', '65'),
(180, 31, 'Samsung Galaxy A14', 'RF8W90NQ3MD', NULL, '2024-02-06', 0.00, NULL, '2025-06-13 09:11:14', '11', '65'),
(181, 31, 'Samsung Galaxy A14', 'RF8W90PBR9T', NULL, '2024-02-06', 0.00, NULL, '2025-06-13 09:11:14', '11', '65'),
(182, 31, 'Samsung Galaxy A14', 'RF8W90NQ9WL', NULL, '2024-02-06', 0.00, NULL, '2025-06-13 09:11:14', '11', '65'),
(183, 31, 'Samsung Galaxy A14', 'RF8W90PBXFX', NULL, '2024-02-06', 0.00, NULL, '2025-06-13 09:11:14', '11', '65'),
(184, 29, 'HP M24f Monitor', '3CM2330NMX', '200699', '2024-02-07', 0.00, NULL, '2025-06-13 09:11:14', '11', '65'),
(185, 28, 'Lenovo ThinkPad E15', 'PF4FLQGG', '201943', '2024-02-07', 0.00, NULL, '2025-06-13 09:11:14', '11', '65'),
(186, 28, 'Lenovo ThinkPad E15', 'PF4FK3LC', '200713', '2024-02-07', 0.00, NULL, '2025-06-13 09:11:14', '11', '65'),
(187, 28, 'Lenovo ThinkPad E15', 'PF4FJZ46', '201944', '2024-02-07', 0.00, NULL, '2025-06-13 09:11:14', '11', '65'),
(188, 28, 'Lenovo ThinkPad E15', 'PF4FLQHC', '200712', '2024-02-07', 0.00, NULL, '2025-06-13 09:11:14', '20', '67'),
(189, 28, 'Lenovo ThinkPad E16', 'PF4HXEGP', '200731', '2024-10-31', 0.00, NULL, '2025-06-13 09:11:14', '11', '65'),
(190, 28, 'Lenovo ThinkPad E16', 'PF4HXENT', '200733', '2024-10-31', 0.00, NULL, '2025-06-13 09:11:14', '11', '65'),
(191, 28, 'Lenovo ThinkPad E16', 'PF4HPCM3', '200732', '2024-10-31', 0.00, NULL, '2025-06-13 09:11:14', '11', '65'),
(192, 28, 'Lenovo ThinkPad E16', 'PF4HXEEB', '200734', '2024-10-31', 0.00, NULL, '2025-06-13 09:11:14', '11', '65'),
(193, 28, 'Lenovo ThinkPad E16', 'PF4HPH76', NULL, '2024-10-31', 0.00, NULL, '2025-06-13 09:11:14', '21', '66'),
(194, 28, 'Lenovo ThinkPad E16', 'PF4HVRBK', '302294', '2024-10-31', 0.00, NULL, '2025-06-13 09:11:14', '21', '66'),
(195, 28, 'Lenovo ThinkPad E16', 'PF4HXASY', NULL, '2024-10-31', 0.00, NULL, '2025-06-13 09:11:14', '21', '66'),
(196, 28, 'Lenovo ThinkPad E16', 'PF4HVRWK', NULL, '2024-10-31', 0.00, NULL, '2025-06-13 09:11:14', '21', '66'),
(197, 28, 'Lenovo ThinkPad E16', 'PF4HWRQH', NULL, '2024-10-31', 0.00, NULL, '2025-06-13 09:11:14', '21', '66'),
(198, 28, 'Lenovo ThinkPad E16', 'PF4HX7EA', NULL, '2024-10-31', 0.00, NULL, '2025-06-13 09:11:14', '21', '66'),
(199, 28, 'Lenovo ThinkPad E16', 'PF4HPKEQ', NULL, '2024-10-31', 0.00, NULL, '2025-06-13 09:11:14', '21', '66'),
(200, 28, 'Lenovo ThinkPad E16', 'PF4HXJPF', NULL, '2024-10-31', 0.00, NULL, '2025-06-13 09:11:14', '21', '66'),
(201, 28, 'Lenovo ThinkPad E16', 'PF4HVWCD', NULL, '2024-10-31', 0.00, NULL, '2025-06-13 09:11:14', '21', '66'),
(202, 28, 'Lenovo ThinkPad E16', 'PF4HVP3Z', NULL, '2024-10-31', 0.00, NULL, '2025-06-13 09:11:14', '21', '66'),
(203, 28, 'Lenovo ThinkPad E16', 'PF4HPEXJ', NULL, '2024-10-31', 0.00, NULL, '2025-06-13 09:11:14', '20', '67'),
(204, 28, 'Lenovo ThinkPad E16', 'PF4HVTQM', NULL, '2024-10-31', 0.00, NULL, '2025-06-13 09:11:14', '20', '67'),
(205, 28, 'Lenovo ThinkPad E16', 'PF4HXAVK', NULL, '2024-10-31', 0.00, NULL, '2025-06-13 09:11:14', '20', '67'),
(206, 28, 'Lenovo ThinkPad E16', 'PF4HPKGM', NULL, '2024-10-31', 0.00, NULL, '2025-06-13 09:11:14', '20', '67'),
(207, 28, 'Lenovo ThinkPad E16', 'PF52RLCB', NULL, '2024-10-31', 0.00, NULL, '2025-06-13 09:11:14', '11', '65'),
(208, 28, 'Lenovo ThinkPad E16', 'PF52RL9W', NULL, '2024-10-31', 0.00, NULL, '2025-06-13 09:11:14', '11', '65'),
(209, 28, 'Lenovo ThinkPad E16', 'PF4PL0FY', NULL, '2024-10-20', 0.00, NULL, '2025-06-13 09:11:14', '11', '65'),
(210, 28, 'Lenovo ThinkPad E16', 'PF4HVLWE', NULL, '2024-12-23', 0.00, NULL, '2025-06-13 09:11:14', '11', '65'),
(211, 28, 'Lenovo ThinkPad E16', 'PF4HWRKS', NULL, '2024-12-23', 0.00, NULL, '2025-06-13 09:11:14', '11', '65'),
(212, 28, 'Lenovo ThinkPad E16', 'PF4HVRRN', NULL, '2024-12-23', 0.00, NULL, '2025-06-13 09:11:14', '11', '65'),
(213, 28, 'Lenovo ThinkPad E16', 'PF4HWRNG', NULL, '2024-12-23', 0.00, NULL, '2025-06-13 09:11:14', '11', '65'),
(214, 29, 'HP E222 Monitor', 'CNK7301KRQ', '200506', '2018-03-01', 0.00, NULL, '2025-06-13 09:11:14', '11', '65'),
(215, 28, 'Lenovo E490', 'PF1LA1PL', '200535', '2019-10-01', 0.00, NULL, '2025-06-13 09:11:14', '11', '65'),
(216, 28, 'Lenovo ThinkPad E15', 'PF2SDYE9', '200583', '2021-11-01', 0.00, NULL, '2025-06-13 09:11:14', '11', '65'),
(217, 29, 'HP 8081L Monitor', '6CM64012FH', '200508', '2016-10-01', 0.00, NULL, '2025-06-13 09:11:14', '11', '65'),
(218, 28, 'Lenovo Thinkpad E15', 'PF2A0ZY7', '200553', '2020-12-01', 0.00, NULL, '2025-06-13 09:11:14', '11', '65'),
(219, 29, 'Lenovo LI1931ewA Monitor', '4ML125E15N1378', '200509', '2020-11-01', 0.00, NULL, '2025-06-13 09:11:14', '11', '65'),
(220, 31, 'Samsung Galaxy A12', 'RZ8R91Q1K1N', NULL, '2022-01-01', 0.00, NULL, '2025-06-13 09:11:14', '11', '65'),
(221, 31, 'Tecno Spark 5 Pro KD7', '06039330CF003284', NULL, '2021-04-07', 0.00, NULL, '2025-06-13 09:11:14', '21', '66'),
(222, 31, 'Samsung Galaxy A12', 'R58R74TP9MB', NULL, '2022-01-01', 0.00, NULL, '2025-06-13 09:11:14', '21', '66'),
(223, 31, 'Techno Spark 5 Pro KD7', '060393711H005762', NULL, '2021-04-07', 0.00, NULL, '2025-06-13 09:11:14', '21', '66'),
(224, 28, 'Lenovo IdeaPad S145', 'PF14RFRM', '201263', '2019-11-01', 0.00, NULL, '2025-06-13 09:11:14', '11', '65'),
(225, 31, 'Samsung Galaxy A12', 'RZ8R81HL2ZK', NULL, '2022-01-01', 0.00, NULL, '2025-06-13 09:11:14', '11', '65'),
(226, 31, 'Samsung Galaxy A12', 'RZ8R926BW1V', NULL, '2022-01-01', 0.00, NULL, '2025-06-13 09:11:14', '11', '65'),
(227, 31, 'Tecno Spark 2', 'H9N5', NULL, '2018-01-01', 0.00, NULL, '2025-06-13 09:11:14', '11', '65'),
(228, 31, 'Tecno Y6', 'EYN13-258905', NULL, '2016-02-01', 0.00, NULL, '2025-06-13 09:11:14', '11', '65'),
(229, 31, 'Samsung Galaxy A12', 'RZ8RA0EYX4X', NULL, '2022-01-01', 0.00, NULL, '2025-06-13 09:11:14', '11', '65'),
(230, 31, 'Tecno Spark 6', 'JZN1 - 357294150190997', 'FMT/06/21', '2021-05-01', 0.00, NULL, '2025-06-13 09:11:14', '11', '65'),
(231, 31, 'Techno Spark 5 Pro KD7', '060393711H002648', NULL, '2021-04-01', 0.00, NULL, '2025-06-13 09:11:14', '21', '66'),
(232, 31, 'Samsung Grand Prime +', 'RV8J61ZV12E', NULL, '2017-09-29', 0.00, NULL, '2025-06-13 09:11:14', '21', '66'),
(233, 31, 'Samsung Grand Prime +', 'RV8J61ZTTKR', NULL, '2017-09-29', 0.00, NULL, '2025-06-13 09:11:14', '21', '66'),
(234, 31, 'Samsung Grand Prime +', 'RV8J61YQNWJ', NULL, '2017-09-25', 0.00, NULL, '2025-06-13 09:11:14', '21', '66'),
(235, 31, 'Samsung Grand Prime +', 'RV8K70JF32B', NULL, '2017-09-25', 0.00, NULL, '2025-06-13 09:11:14', '21', '66'),
(236, 31, 'Samsung Grand Prime +', 'RV8J61ZP6FZ', NULL, '2017-09-25', 0.00, NULL, '2025-06-13 09:11:14', '21', '66'),
(237, 31, 'Samsung Grand Prime +', 'RV8J61ZV0PT', NULL, '2017-09-25', 0.00, NULL, '2025-06-13 09:11:14', '21', '66'),
(238, 31, 'Samsung Galaxy A12', 'R58T20CMRNK', NULL, '2022-01-01', 0.00, NULL, '2025-06-13 09:11:14', '21', '66'),
(239, 31, 'Samsung Grand Prime +', 'RV8J61YQPLT', NULL, '2017-09-25', 0.00, NULL, '2025-06-13 09:11:14', '21', '66'),
(240, 31, 'Samsung Grand Prime +', 'RV8J61YQMSJ', NULL, '2017-09-25', 0.00, NULL, '2025-06-13 09:11:14', '21', '66'),
(241, 31, 'Tecno KC8', '051693703I100758', '400611', '2021-03-02', 0.00, NULL, '2025-06-13 09:11:14', '20', '67'),
(242, 31, 'Samsung Galaxy A12', 'R58R70EJ9PD', NULL, '2022-01-01', 0.00, NULL, '2025-06-13 09:11:14', '20', '67'),
(243, 28, 'Lenovo IdeaPad S145', 'PF14LC0M', '201256', '2019-11-01', 0.00, NULL, '2025-06-13 09:11:14', '11', '65'),
(244, 31, 'Techno Spark 5 Pro KD7', '06039330CB001229', NULL, '2021-04-07', 0.00, NULL, '2025-06-13 09:11:14', '21', '66'),
(245, 31, 'Samsung Galaxy A12', 'R58R921L8LR', NULL, '2022-01-01', 0.00, NULL, '2025-06-13 09:11:14', '21', '66'),
(246, 31, 'Tecno Spark 6', 'JZN1 - 357294150184966', 'FMT/03/21', '2021-05-01', 0.00, NULL, '2025-06-13 09:11:14', '11', '65'),
(247, 31, 'Samsung Galaxy A12', 'RZ8R90X459D', NULL, '2022-01-01', 0.00, NULL, '2025-06-13 09:11:14', '11', '65'),
(248, 28, 'Lenovo IdeaPad S145', 'PF14RSC0', '201259', '2019-11-01', 0.00, NULL, '2025-06-13 09:11:14', '11', '65'),
(249, 31, 'Samsung Galaxy A12', 'RZ8R90T3LOT', NULL, '2022-11-01', 0.00, NULL, '2025-06-13 09:11:14', '11', '65'),
(250, 31, 'Samsung A10S', 'SN:R9AMC35A63J', 'FMT/11/20', '2020-03-01', 0.00, NULL, '2025-06-13 09:11:14', '11', '65'),
(251, 31, 'Samsung A10S', 'SN:R9AMC35A61J', 'FMT/12/20', '2020-03-01', 0.00, NULL, '2025-06-13 09:11:14', '11', '65'),
(252, 31, 'Samsung A10S', 'SN:R9AMC35A62J', 'FMT/13/20', '2020-03-01', 0.00, NULL, '2025-06-13 09:11:14', '11', '65'),
(253, 31, 'Samsung A10S', 'SN:R9DN105JMAJ', 'FMT/14/20', '2020-03-01', 0.00, NULL, '2025-06-13 09:11:14', '11', '65'),
(254, 31, 'Samsung A10S', 'SN:R9AMC35A7MJ', 'FMT/15/20', '2020-03-01', 0.00, NULL, '2025-06-13 09:11:14', '11', '65'),
(255, 31, 'Samsung A10S', 'SN:R9DN1062L7J', 'FMT/16/20', '2020-03-01', 0.00, NULL, '2025-06-13 09:11:14', '11', '65'),
(256, 31, 'Samsung A10S', 'SN:R9AMC35A66J', 'FMT/17/20', '2020-03-01', 0.00, NULL, '2025-06-13 09:11:14', '11', '65'),
(257, 31, 'Samsung A10S', 'SN:R9AMC35A7GJ', 'FMT/18/20', '2020-03-01', 0.00, NULL, '2025-06-13 09:11:14', '11', '65'),
(258, 31, 'Samsung A10S', 'SN:R9AMC35A7NJ', 'FMT/19/20', '2020-03-01', 0.00, NULL, '2025-06-13 09:11:14', '11', '65'),
(259, 31, 'Samsung A10S', 'SN:R9AMC35A6NJ', 'FMT/20/20', '2020-03-01', 0.00, NULL, '2025-06-13 09:11:14', '11', '65'),
(260, 31, 'Samsung GT-S5301', 'RF1D31GE8SH', NULL, '2013-01-01', 0.00, NULL, '2025-06-13 09:11:14', '11', '65'),
(261, 31, 'Samsung GT-S5301', 'R21F17HQFGB', NULL, '2013-01-01', 0.00, NULL, '2025-06-13 09:11:14', '11', '65'),
(262, 31, 'Samsung GT-S5301', 'R21D64GDJA', NULL, '2013-01-01', 0.00, NULL, '2025-06-13 09:11:14', '11', '65'),
(263, 31, 'Samsung GT-S5301', 'R21DC19RXFB', NULL, '2013-01-01', 0.00, NULL, '2025-06-13 09:15:35', '11', '65'),
(264, 31, 'Tecno L8', 'S/N:F7N6', 'DTW 23/16', '2017-01-01', 0.00, NULL, '2025-06-13 09:15:35', '11', '65'),
(265, 31, 'Tecno L8', 'S/N:F7N6 - VC 457862', 'DTW 24/16', '2017-01-01', 0.00, NULL, '2025-06-13 09:15:35', '11', '65'),
(266, 31, 'Tecno L8', 'S/N:F7N8 - VC 517874', 'DTW 25/16', '2017-01-01', 0.00, NULL, '2025-06-13 09:15:35', '11', '65'),
(267, 31, 'Tecno L8', 'S/N:F7N8 - VC 736121', 'DTW 26/16', '2017-01-01', 0.00, NULL, '2025-06-13 09:15:35', '11', '65'),
(268, 31, 'Tecno L8', 'S/N:F6N6 - VC 748522', 'DTW 27/16', '2017-01-01', 0.00, NULL, '2025-06-13 09:15:35', '11', '65'),
(269, 31, 'Tecno L8', 'S/N:F6N6 - VC 525735', 'DTW 28/17', '2017-01-01', 0.00, NULL, '2025-06-13 09:15:35', '11', '65'),
(270, 31, 'Tecno L8', 'S/N:F7N8 - VC 432205', 'DTW 29/17', '2017-01-01', 0.00, NULL, '2025-06-13 09:15:35', '11', '65'),
(271, 31, 'Tecno L8', 'S/N:F7N8 - VC 682880', 'DTW 30/17', '2017-01-01', 0.00, NULL, '2025-06-13 09:15:35', '11', '65'),
(272, 31, 'Tecno L8', 'S/N:F6N6 - VC 407867', 'DTW 31/17', '2017-01-01', 0.00, NULL, '2025-06-13 09:15:35', '11', '65'),
(273, 31, 'Tecno L8', 'S/N:F6N6 - VC 556210', 'DTW 33/17', '2017-01-01', 0.00, NULL, '2025-06-13 09:15:35', '11', '65'),
(274, 31, 'Tecno L8', 'S/N:F7N8 - VC 644265', 'DTW 34/17', '2017-01-01', 0.00, NULL, '2025-06-13 09:15:35', '11', '65'),
(275, 31, 'Tecno L8', 'S/N:F6N6 - VC 387776', 'DTW 35/17', '2017-01-01', 0.00, NULL, '2025-06-13 09:15:35', '11', '65'),
(276, 31, 'Tecno L8', 'S/N:F6N6 - VC 380117', 'DTW 37/17', '2017-01-01', 0.00, NULL, '2025-06-13 09:15:35', '11', '65'),
(277, 31, 'Tecno L8', 'S/N:F7N8 - VC 337412', 'DTW 42/17', '2017-01-01', 0.00, NULL, '2025-06-13 09:15:35', '11', '65'),
(278, 31, 'Tecno L8', 'S/N:F7N8 - VC 276571', 'DTW 43/17', '2017-01-01', 0.00, NULL, '2025-06-13 09:15:35', '11', '65'),
(279, 31, 'Tecno L8', 'S/N:F6N6 - VC 388358', 'DTW 44/17', '2017-01-01', 0.00, NULL, '2025-06-13 09:15:35', '11', '65'),
(280, 31, 'Tecno L8', 'S/N:F7N8 - VC 877263', 'DTW 45/17', '2017-01-01', 0.00, NULL, '2025-06-13 09:15:35', '11', '65'),
(281, 31, 'Tecno L8', 'S/N:F6N6 - VC 357881', 'DTW 46/17', '2017-01-01', 0.00, NULL, '2025-06-13 09:15:35', '11', '65'),
(282, 31, 'Tecno L8', 'S/N:F7N8 - VC 260206', 'DTW 47/17', '2017-01-01', 0.00, NULL, '2025-06-13 09:15:35', '11', '65'),
(283, 31, 'Tecno L8', 'S/N:F7N8 - VC 600352', 'DTW 48/17', '2017-01-01', 0.00, NULL, '2025-06-13 09:15:35', '11', '65'),
(284, 31, 'Tecno L8', 'S/N:F7N8 - VC 735562', 'DTW 50/17', '2017-01-01', 0.00, NULL, '2025-06-13 09:15:35', '11', '65'),
(285, 31, 'Tecno L8', 'S/N:F6N6 - VC 802420', 'DTW 51/17', '2017-01-01', 0.00, NULL, '2025-06-13 09:15:35', '11', '65'),
(286, 31, 'Tecno L8', 'S/N:F7N8 - VC 353508', 'DTW 52/17', '2017-01-01', 0.00, NULL, '2025-06-13 09:15:35', '11', '65'),
(287, 31, 'Tecno L8', 'S/N:F7N8 - VC 821325', 'DTW 53/17', '2017-01-01', 0.00, NULL, '2025-06-13 09:15:35', '11', '65'),
(288, 31, 'Tecno L8', 'S/N:F7N8 - VC 714643', 'DTW 54/17', '2017-01-01', 0.00, NULL, '2025-06-13 09:15:35', '11', '65'),
(289, 31, 'Tecno L8', 'S/N:F6N6 - VC 337184', 'DTW 55/17', '2017-01-01', 0.00, NULL, '2025-06-13 09:15:35', '11', '65'),
(290, 31, 'Tecno L8', 'S/N:F6N6 - VC 815453', 'DTW 57/17', '2017-01-01', 0.00, NULL, '2025-06-13 09:15:35', '11', '65'),
(291, 31, 'Tecno L8', 'S/N:F7N8 - VC 241722', 'DTW 59/17', '2017-01-01', 0.00, NULL, '2025-06-13 09:15:35', '11', '65'),
(292, 31, 'Tecno L8', 'S/N:F6N6 - VC 702337', 'DTW 60/17', '2017-01-01', 0.00, NULL, '2025-06-13 09:15:35', '11', '65'),
(293, 31, 'Tecno L8', 'S/N:F7N8 - VC 778222', 'DTW 61/17', '2017-01-01', 0.00, NULL, '2025-06-13 09:15:35', '11', '65'),
(294, 31, 'Tecno L8', 'S/N:F6N6 - VC 642450', 'DTW 62/17', '2017-01-01', 0.00, NULL, '2025-06-13 09:15:35', '11', '65'),
(295, 31, 'Tecno L8', 'S/N:F6N6 - VC 370808', 'DTW 63/17', '2017-01-01', 0.00, NULL, '2025-06-13 09:15:35', '11', '65'),
(296, 31, 'Tecno L8', 'S/N:F6N6 - VC 250413', 'DTW 64/17', '2017-01-01', 0.00, NULL, '2025-06-13 09:15:35', '11', '65'),
(297, 31, 'Tecno L8', 'S/N:F7N6 - VC 162361', 'DTW 65/17', '2017-01-01', 0.00, NULL, '2025-06-13 09:15:35', '11', '65'),
(298, 31, 'Tecno L8', 'S/N:F6N6 - VC 814641', 'DTW 66/17', '2017-01-01', 0.00, NULL, '2025-06-13 09:15:35', '11', '65'),
(299, 31, 'Tecno L8', 'S/N:F6N5 - VC 534833', 'DTW 67/17', '2017-01-01', 0.00, NULL, '2025-06-13 09:15:35', '11', '65'),
(300, 31, 'Tecno L8', 'S/N:F6N6 - VC 825141', 'DTW 68/17', '2017-01-01', 0.00, NULL, '2025-06-13 09:15:35', '11', '65'),
(301, 31, 'Tecno P5-PLUS', 'DZN1-2', NULL, '2015-02-03', 0.00, NULL, '2025-06-13 09:15:35', '11', '65'),
(302, 31, 'Tecno SPARK 2-KA7', 'S/N:HXN9 VC:380234', 'FMT/01/18', '2018-10-01', 0.00, NULL, '2025-06-13 09:15:35', '11', '65'),
(303, 31, 'Tecno SPARK 2-KA7', 'S/N:HXN9 VC:616236', 'FMT/02/18', '2018-10-01', 0.00, NULL, '2025-06-13 09:15:35', '11', '65'),
(304, 31, 'Tecno SPARK 2-KA7', 'S/N:HXN9 VC:421082', 'FMT/03/18', '2018-10-01', 0.00, NULL, '2025-06-13 09:15:35', '11', '65'),
(305, 31, 'Tecno SPARK 2-KA7', 'S/N:HXN9 VC:753255', 'FMT/04/18', '2018-10-01', 0.00, NULL, '2025-06-13 09:15:35', '11', '65'),
(306, 31, 'Tecno SPARK 2-KA7', 'S/N:HXN9 VC:285873', 'FMT/05/18', '2018-10-01', 0.00, NULL, '2025-06-13 09:15:35', '11', '65'),
(307, 31, 'Tecno SPARK 2-KA7', 'S/N:HXN9 VC:731526', 'FMT/06/18', '2018-10-01', 0.00, NULL, '2025-06-13 09:15:35', '11', '65'),
(308, 31, 'Tecno SPARK 2-KA7', 'S/N:HXN9 VC:850048', 'FMT/07/18', '2018-10-01', 0.00, NULL, '2025-06-13 09:15:35', '11', '65'),
(309, 31, 'Tecno SPARK 2-KA7', 'S/N:HXN9 VC:226438', 'FMT/08/18', '2018-10-01', 0.00, NULL, '2025-06-13 09:15:35', '11', '65'),
(310, 31, 'Tecno SPARK 2-KA7', 'S/N:HXN9 VC:744316', 'FMT/09/18', '2018-10-01', 0.00, NULL, '2025-06-13 09:15:35', '11', '65'),
(311, 31, 'Tecno SPARK 2-KA7', 'S/N:HXN9 VC:883430', 'FMT/10/18', '2018-10-01', 0.00, NULL, '2025-06-13 09:15:35', '11', '65'),
(312, 31, 'Tecno SPARK 2-KA7', 'S/N:HXN9 VC:235787', 'FMT/11/18', '2018-10-01', 0.00, NULL, '2025-06-13 09:15:35', '11', '65'),
(313, 31, 'Tecno SPARK 2-KA7', 'S/N:HXN9 VC:658846', 'FMT/31/19', '2023-08-01', 0.00, NULL, '2025-06-13 09:15:35', '11', '65'),
(314, 31, 'Tecno SPARK 2-KA7', 'S/N:HXN9 VC:360778', 'FMT/13/18', '2018-10-01', 0.00, NULL, '2025-06-13 09:15:35', '11', '65'),
(315, 31, 'Tecno SPARK 2-KA7', 'S/N:HXN9 VC:486203', 'FMT/14/18', '2018-10-01', 0.00, NULL, '2025-06-13 09:15:35', '11', '65'),
(316, 31, 'Tecno SPARK 2-KA7', 'S/N:HXN9 VC:550625', 'FMT/15/18', '2018-10-01', 0.00, NULL, '2025-06-13 09:15:35', '11', '65'),
(317, 31, 'Tecno SPARK 2-KA7', 'S/N:HXN9 VC:241285', 'FMT/26/18', '2018-10-01', 0.00, NULL, '2025-06-13 09:15:35', '11', '65'),
(318, 31, 'Tecno SPARK 2-KA7', 'S/N:HXN9 VC:223648', 'FMT/17/18', '2018-10-01', 0.00, NULL, '2025-06-13 09:15:35', '11', '65'),
(319, 31, 'Tecno SPARK 2-KA7', 'S/N:HXN9 VC:465560', 'FMT/18/18', '2018-10-01', 0.00, NULL, '2025-06-13 09:15:35', '11', '65'),
(320, 31, 'Tecno SPARK 2-KA7', 'S/N:HXN9 VC:268330', 'FMT/19/18', '2018-10-01', 0.00, NULL, '2025-06-13 09:15:35', '11', '65'),
(321, 31, 'Tecno SPARK 2-KA7', 'S/N:HXN9 VC:266212', 'FMT/20/18', '2018-10-01', 0.00, NULL, '2025-06-13 09:15:35', '11', '65'),
(322, 31, 'Tecno SPARK 2-KA7', 'S/N:HXN9 VC:335623', 'FMT/21/18', '2018-10-01', 0.00, NULL, '2025-06-13 09:15:35', '11', '65'),
(323, 31, 'Tecno SPARK 2-KA7', 'S/N:HXN9 VC:605488', 'FMT/22/18', '2018-10-01', 0.00, NULL, '2025-06-13 09:15:35', '11', '65'),
(324, 31, 'Tecno SPARK 2-KA7', 'S/N:HXN9 VC:104860', 'FMT/23/18', '2018-10-01', 0.00, NULL, '2025-06-13 09:15:35', '11', '65'),
(325, 31, 'Tecno SPARK 2-KA7', 'S/N:HXN9 VC:176513', 'FMT/24/18', '2018-10-01', 0.00, NULL, '2025-06-13 09:15:35', '11', '65'),
(326, 31, 'Tecno SPARK 2-KA7', 'S/N:HXN9 VC:158828', 'FMT/25/18', '2018-10-01', 0.00, NULL, '2025-06-13 09:15:35', '11', '65'),
(327, 31, 'Tecno SPARK 2-KA7', 'S/N:HXN9 VC:463752', 'FMT/16/18', '2018-10-01', 0.00, NULL, '2025-06-13 09:15:35', '11', '65'),
(328, 31, 'Tecno SPARK 2-KA7', 'S/N:HXN9 VC:527064', 'FMT/27/18', '2018-10-01', 0.00, NULL, '2025-06-13 09:15:35', '11', '65'),
(329, 31, 'Tecno SPARK 2-KA7', 'S/N:HXN9 VC:416024', 'FMT/28/18', '2018-10-01', 0.00, NULL, '2025-06-13 09:15:35', '11', '65'),
(330, 31, 'Tecno SPARK 2-KA7', 'S/N:HXN9 VC:184301', 'FMT/29/18', '2018-10-01', 0.00, NULL, '2025-06-13 09:15:35', '11', '65'),
(331, 31, 'Tecno SPARK 2-KA7', 'S/N:HXN9 VC:558886', 'FMT/30/18', '2018-10-01', 0.00, NULL, '2025-06-13 09:15:35', '11', '65'),
(332, 31, 'Tecno SPARK 2-KA7', 'S/N:HXN9 VC:377563', 'FMT/32/18', '2018-10-01', 0.00, NULL, '2025-06-13 09:15:35', '11', '65'),
(333, 31, 'Tecno SPARK 2-KA7', 'S/N:HXN9 VC:863047', 'FMT/33/18', '2018-10-01', 0.00, NULL, '2025-06-13 09:15:35', '11', '65'),
(334, 31, 'Tecno SPARK 2-KA7', 'S/N:HXN9 VC:681657', 'FMT/34/18', '2018-10-01', 0.00, NULL, '2025-06-13 09:15:35', '11', '65'),
(335, 31, 'Tecno SPARK 2-KA7', 'S/N:HXN9 VC:873356', 'FMT/35/18', '2018-10-01', 0.00, NULL, '2025-06-13 09:15:35', '11', '65'),
(336, 31, 'Tecno SPARK 2-KA7', 'S/N:HXN9 VC:365375', 'FMT/36/18', '2018-10-01', 0.00, NULL, '2025-06-13 09:15:35', '11', '65'),
(337, 31, 'Tecno SPARK 2-KA7', 'S/N:HXN9 VC:448883', 'FMT/37/18', '2018-10-01', 0.00, NULL, '2025-06-13 09:15:35', '11', '65'),
(338, 31, 'Tecno SPARK 2-KA7', 'S/N:HXN9 VC:258315', 'FMT/38/18', '2018-10-01', 0.00, NULL, '2025-06-13 09:15:35', '11', '65'),
(339, 31, 'Tecno SPARK 2-KA7', 'S/N:HXN9 VC:826374', 'FMT/39/18', '2018-10-01', 0.00, NULL, '2025-06-13 09:15:35', '11', '65'),
(340, 31, 'Tecno SPARK 2-KA7', 'S/N:HXN9 VC:441351', 'FMT/40/18', '2018-10-01', 0.00, NULL, '2025-06-13 09:15:35', '11', '65'),
(341, 31, 'Tecno SPARK 2-KA7', 'S/N:HXN9 VC:486535', 'FMT/41/18', '2018-10-01', 0.00, NULL, '2025-06-13 09:15:35', '11', '65'),
(342, 31, 'Tecno SPARK 2-KA7', 'S/N:HXN9 VC:260076', 'FMT/42/18', '2018-10-01', 0.00, NULL, '2025-06-13 09:15:35', '11', '65'),
(343, 31, 'Tecno SPARK 2-KA7', 'S/N:HXN9 VC:451637', 'FMT/43/18', '2018-10-01', 0.00, NULL, '2025-06-13 09:15:35', '11', '65'),
(344, 31, 'Tecno SPARK 2-KA7', 'S/N:HXN9 VC:114383', 'FMT/44/18', '2018-10-01', 0.00, NULL, '2025-06-13 09:15:35', '11', '65'),
(345, 31, 'Tecno SPARK 2-KA7', 'S/N:HXN9 VC:155740', 'FMT/45/18', '2018-10-01', 0.00, NULL, '2025-06-13 09:15:35', '11', '65'),
(346, 31, 'Tecno SPARK 2-KA7', 'S/N:HXN9 VC:320801', 'FMT/46/18', '2018-10-01', 0.00, NULL, '2025-06-13 09:15:35', '11', '65'),
(347, 31, 'Tecno SPARK 2-KA7', 'S/N:HXN9 VC:114015', 'FMT/47/18', '2018-10-01', 0.00, NULL, '2025-06-13 09:15:35', '11', '65'),
(348, 31, 'Tecno SPARK 2-KA7', 'S/N:HXN9 VC:437528', 'FMT/48/18', '2018-10-01', 0.00, NULL, '2025-06-13 09:15:35', '11', '65'),
(349, 31, 'Tecno SPARK 2-KA7', 'S/N:HXN9 VC:748121', 'FMT/49/18', '2018-10-01', 0.00, NULL, '2025-06-13 09:15:35', '11', '65'),
(350, 31, 'Tecno SPARK 2-KA7', 'S/N:HXN9 VC:321526', 'FMT/50/18', '2018-10-01', 0.00, NULL, '2025-06-13 09:15:35', '11', '65'),
(351, 31, 'Tecno SPARK 2-KA7', 'S/N:HXN9 VC:236351', 'FMT/51/18', '2018-10-01', 0.00, NULL, '2025-06-13 09:15:35', '11', '65'),
(352, 31, 'Tecno SPARK 2-KA7', 'S/N:HXN9 VC:325472', 'FMT/52/18', '2018-10-01', 0.00, NULL, '2025-06-13 09:15:35', '11', '65'),
(353, 31, 'Tecno SPARK 2-KA7', 'S/N:HXN9 VC:283356', 'FMT/53/18', '2018-10-01', 0.00, NULL, '2025-06-13 09:15:35', '11', '65'),
(354, 31, 'Tecno SPARK 2-KA7', 'S/N:HXN9 VC:761148', 'FMT/54/18', '2018-10-01', 0.00, NULL, '2025-06-13 09:15:35', '11', '65'),
(355, 31, 'Tecno SPARK 2-KA7', 'S/N:HXN9 VC:703318', 'FMT/55/18', '2018-10-01', 0.00, NULL, '2025-06-13 09:15:35', '11', '65'),
(356, 31, 'Tecno SPARK -4', 'S/N:IZN6 VC:338143', 'FMT/1/20', '2020-03-01', 0.00, NULL, '2025-06-13 09:15:35', '11', '65'),
(357, 31, 'Tecno SPARK -4', 'S/N:J2N7 VC:353472', 'FMT/2/20', '2020-03-01', 0.00, NULL, '2025-06-13 09:15:35', '11', '65'),
(358, 31, 'Tecno SPARK -4', 'S/N:J2N7 VC:576670', 'FMT/3/20', '2020-03-01', 0.00, NULL, '2025-06-13 09:15:35', '11', '65'),
(359, 31, 'Tecno SPARK -4', 'S/N:J2N7 VC:228762', 'FMT/4/20', '2020-03-01', 0.00, NULL, '2025-06-13 09:15:35', '11', '65'),
(360, 31, 'Tecno SPARK -4', 'S/N:J2N7 VC:267175', 'FMT/5/20', '2020-03-01', 0.00, NULL, '2025-06-13 09:15:35', '11', '65'),
(361, 31, 'Tecno SPARK -4', 'SN:J2N7 VC:135556', 'FMT/6/20', '2020-03-01', 0.00, NULL, '2025-06-13 09:15:35', '11', '65'),
(362, 31, 'Tecno SPARK -4', 'SN:J2N7 VC:710433', 'FMT/7/20', '2020-03-01', 0.00, NULL, '2025-06-13 09:15:35', '11', '65'),
(363, 31, 'Tecno SPARK -4', 'SN:J2N7 VC:445221', 'FMT/8/20', '2020-03-01', 0.00, NULL, '2025-06-13 09:20:09', '11', '65'),
(364, 31, 'Tecno SPARK -4', 'SN:J2N7 VC:878080', 'FMT/9/20', '2020-03-01', 0.00, NULL, '2025-06-13 09:20:09', '11', '65'),
(365, 31, 'Tecno SPARK -4', 'SN:J2N7 VC:825660', 'FMT/10/20', '2020-03-01', 0.00, NULL, '2025-06-13 09:20:09', '11', '65'),
(366, 31, 'Samsung Galaxy J3-7', 'R51J708BD8W', '400126', '2017-11-14', 0.00, NULL, '2025-06-13 09:20:09', '20', '67'),
(367, 31, 'Samsung Galaxy J3-6', 'R51J708BB5N0', '400136', '2017-11-14', 0.00, NULL, '2025-06-13 09:20:09', '20', '67'),
(368, 28, 'Lenovo ThinkBook 15', 'LR0BNAKM', '400393', '2020-09-01', 0.00, NULL, '2025-06-13 09:20:09', '20', '67'),
(369, 31, 'Tecno KC8', '051693703k112009', '400610', '2021-03-02', 0.00, NULL, '2025-06-13 09:20:09', '20', '67'),
(370, 31, 'Samsung Galaxy J3-8', 'R51J708B9WM', '400134', '2017-11-14', 0.00, NULL, '2025-06-13 09:20:09', '20', '67'),
(371, 31, 'Samsung Galaxy J3-6', 'R51J806418T', '400088', '2017-11-14', 0.00, NULL, '2025-06-13 09:20:09', '20', '67'),
(372, 31, 'Tecno KC8', '051693703L101378', '400609', '2020-10-01', 0.00, NULL, '2025-06-13 09:20:09', '20', '67'),
(373, 31, 'Samsung Galaxy A12', 'R58R70EFCYB', NULL, '2022-01-01', 0.00, NULL, '2025-06-13 09:20:09', '20', '67'),
(374, 31, 'Tecno KA7', '037440989v015015', '400289', '2020-02-10', 0.00, NULL, '2025-06-13 09:20:09', '20', '67'),
(375, 31, 'Samsung Galaxy A12', 'R58R331J9PT', NULL, '2022-01-01', 0.00, NULL, '2025-06-13 09:20:09', '20', '67'),
(376, 28, 'Lenovo Thinkpad E15', 'PF2H6T37', '200567', '2021-03-01', 0.00, NULL, '2025-06-13 09:20:09', '11', '65'),
(377, 31, 'Tecno Spark A5', '05940330AF103083', NULL, '2021-02-01', 0.00, NULL, '2025-06-13 09:20:09', '11', '65'),
(378, 29, 'HP V213a Monitor', 'CNC6280W03', '200510', '2021-01-01', 0.00, NULL, '2025-06-13 09:20:09', '11', '65'),
(379, 31, 'Tecno Spark 7', '358893645173382/358893645173390', NULL, '2021-10-01', 0.00, NULL, '2025-06-13 09:20:09', '11', '65'),
(380, 28, 'Lenovo ThinkPad E15', 'PF1W8Z7D', '201277', '2020-10-01', 0.00, NULL, '2025-06-13 09:20:09', '21', '66'),
(381, 29, 'HP Elite Display E243', 'CNC0033DZJ', '202105', '2021-01-01', 0.00, NULL, '2025-06-13 09:20:09', '11', '65'),
(382, 29, 'Dell Monitor', 'CN0PD06D72872420CW3M', '200505', '2015-01-01', 0.00, NULL, '2025-06-13 09:20:09', '11', '65'),
(383, 29, 'HP V213a Monitor', 'CNC6280W0B', '200512', '2017-02-01', 0.00, NULL, '2025-06-13 09:20:09', '11', '65'),
(384, 28, 'Lenovo V510', 'LR0AHD4T', '201073', '2018-01-01', 0.00, NULL, '2025-06-13 09:20:09', '21', '66'),
(385, 28, 'Lenovo ThinkPad E580', 'PF181YAQ', '200049', '2018-10-01', 0.00, NULL, '2025-06-13 09:20:09', '21', '66'),
(386, 29, 'HP 24FW Monitor', '3CM832024Y', '200541', '2019-05-01', 0.00, NULL, '2025-06-13 09:20:09', '11', '65'),
(387, 28, 'Lenovo Thinkpad E15', 'PF2A0ZZA', '200558', '2021-02-01', 0.00, NULL, '2025-06-13 09:20:09', '11', '65'),
(388, 29, 'HP 24FW Monitor', '3CM8340K2T', '200507', '2018-10-01', 0.00, NULL, '2025-06-13 09:20:09', '11', '65'),
(389, 31, 'Samsung Galaxy A12', 'RZ8R8Z91A3A', NULL, '2022-01-01', 0.00, NULL, '2025-06-13 09:20:09', '11', '65'),
(390, 28, 'Lenovo Thinkpad E15', 'PF2E6HKG', '201281', '2020-09-01', 0.00, NULL, '2025-06-13 09:20:09', '11', '65'),
(391, 29, 'HP 24FW Monitor', '3CM91003FN', '201238', '2019-03-01', 0.00, NULL, '2025-06-13 09:20:09', '11', '65'),
(392, 29, 'HP 24FW Monitor', '3CM91003JL', '200534', '2020-01-01', 0.00, NULL, '2025-06-13 09:20:09', '11', '65'),
(393, 28, 'Lenovo ThinkPad E15', 'PF2E6PSR', '201280', '2020-09-01', 0.00, NULL, '2025-06-13 09:20:09', '11', '65'),
(394, 29, 'HP 24FW Monitor', '3CM9100383', '201244', '2019-03-01', 0.00, NULL, '2025-06-13 09:20:09', '11', '65'),
(395, 28, 'Lenovo Thinkpad E15', 'PF2H77KW', '200563', '2021-03-01', 0.00, NULL, '2025-06-13 09:20:09', '11', '65'),
(396, 31, 'Samsung Galaxy A12', 'update', NULL, '2022-01-01', 0.00, NULL, '2025-06-13 09:20:09', '11', '65'),
(397, 31, 'Samsung Galaxy A12', 'RZ8R8IHJX9L', NULL, '2022-01-01', 0.00, NULL, '2025-06-13 09:20:09', '11', '65'),
(398, 31, 'Samsung Galaxy A12', 'RZ8R90AZPFJ', NULL, '2022-01-01', 0.00, NULL, '2025-06-13 09:20:09', '11', '65'),
(399, 29, 'HP V197 Monitor', '3CQ7240KGR', '200514', '2017-09-01', 0.00, NULL, '2025-06-13 09:20:09', '11', '65'),
(400, 31, 'Samsung Galaxy A10s', 'R9WN30FWX9J', NULL, '2020-01-01', 0.00, NULL, '2025-06-13 09:20:09', '11', '65'),
(401, 28, 'Lenovo E490', 'PF1L9U55', '201245', '2019-03-01', 0.00, NULL, '2025-06-13 09:20:09', '11', '65'),
(402, 29, 'HP 24es Monitor', '3CM804103D', '200511', '2018-04-01', 0.00, NULL, '2025-06-13 09:20:09', '11', '65'),
(403, 28, 'Lenovo ThinkPad E15', 'PF3DFJ6M', '200600', '2022-04-01', 0.00, NULL, '2025-06-13 09:20:09', '11', '65'),
(404, 28, 'Lenovo ThinkPad E15', 'PF3DGZV0', '200618', '2022-04-01', 0.00, NULL, '2025-06-13 09:20:09', '11', '65'),
(405, 28, 'Lenovo ThinkPad E15', 'PF3DG0SF', '201519', '2022-04-01', 0.00, NULL, '2025-06-13 09:20:09', '11', '65'),
(406, 28, 'Lenovo ThinkPad E15', 'PF3DGCQR', '201302', '2022-04-01', 0.00, NULL, '2025-06-13 09:20:09', '11', '65'),
(407, 28, 'Lenovo ThinkPad E15', 'PF3DFSYY', '201301', '2022-04-01', 0.00, NULL, '2025-06-13 09:20:09', '11', '65'),
(408, 28, 'Lenovo ThinkPad E15', 'PF3DG9GP', '201911', '2022-07-01', 0.00, NULL, '2025-06-13 09:20:09', '11', '65'),
(409, 28, 'Lenovo ThinkPad E15', 'PF2QBMMD', '201310', '2022-07-01', 0.00, NULL, '2025-06-13 09:20:09', '11', '65'),
(410, 28, 'Lenovo ThinkPad E14', 'PF41W18A', '200639', '2022-12-01', 0.00, NULL, '2025-06-13 09:20:09', '11', '65'),
(411, 29, 'HP M24f Monitor', '3CM2212SG9', '200640', '2022-12-01', 0.00, NULL, '2025-06-13 09:20:09', '11', '65'),
(412, 29, 'HP M24f Monitor', '3CM2290V8K', '200638', '2022-11-14', 0.00, NULL, '2025-06-13 09:20:09', '11', '65'),
(413, 28, 'Lenovo ThinkPad E14', 'PF42AX2F', '400628', '2023-05-16', 0.00, NULL, '2025-06-13 09:20:09', '20', '67'),
(414, 28, 'Lenovo ThinkPad E15', 'PF42AXOT', '400340', '2023-05-16', 0.00, NULL, '2025-06-13 09:20:09', '20', '67'),
(415, 29, 'Lenovo L24e - 30', 'URB5YGX2', '200623', '2022-10-06', 0.00, NULL, '2025-06-13 09:20:09', '11', '65'),
(416, 28, 'Lenovo T470 Laptop', 'PF-12UVE5', '600064', '2018-05-01', 0.00, NULL, '2025-06-13 09:20:09', '19', '68'),
(417, 28, 'Lenovo T470 Laptop', 'PF-0XPZW8', '600068', '2018-03-01', 0.00, NULL, '2025-06-13 09:20:09', '19', '68'),
(418, 28, 'Lenovo ThinkPad E15', 'PF3DJJ6M', NULL, '2022-04-01', 0.00, NULL, '2025-06-13 09:20:09', '11', '65'),
(419, 28, 'Lenovo ThinkPad E14', 'MJ - ODBRSJ', '600093', '2021-08-26', 0.00, NULL, '2025-06-13 09:20:09', '19', '68'),
(420, 28, 'Lenovo ThinkPad E14', 'PFBEARH0', '200591', '2022-04-01', 0.00, NULL, '2025-06-13 09:20:09', '19', '68'),
(421, 31, 'Tecno Spark 6', 'JZN1 - 357294150204442', NULL, '2021-05-01', 0.00, NULL, '2025-06-13 09:20:09', '11', '65'),
(422, 28, 'Lenovo ThinkPad E15', '11B03769', '400410', '2022-06-30', 0.00, NULL, '2025-06-13 09:20:09', '20', '67'),
(423, 28, 'Lenovo ThinkPad E15', 'PF3M2TYF', '400411', '2022-06-30', 0.00, NULL, '2025-06-13 09:20:09', '20', '67'),
(424, 31, 'Samsung Galaxy A12', 'R58T20CMEVJ', NULL, '2022-08-23', 0.00, NULL, '2025-06-13 09:20:09', '20', '67'),
(425, 31, 'Samsung Galaxy A12', 'R58T12TKK5B', NULL, '2022-08-23', 0.00, NULL, '2025-06-13 09:20:09', '20', '67'),
(426, 31, 'Samsung Galaxy A12', 'R58T10G0QRL', NULL, '2022-08-23', 0.00, NULL, '2025-06-13 09:20:09', '20', '67'),
(427, 31, 'Samsung Galaxy A12', 'R58RB36096N', NULL, '2022-08-23', 0.00, NULL, '2025-06-13 09:20:09', '20', '67'),
(428, 31, 'Samsung Galaxy A12', 'RZ8RB06E2GJ', NULL, '2022-08-23', 0.00, NULL, '2025-06-13 09:20:09', '20', '67'),
(429, 31, 'Samsung Galaxy A12', 'R58T208BVGZ', NULL, '2022-08-23', 0.00, NULL, '2025-06-13 09:20:09', '20', '67'),
(430, 31, 'Samsung Galaxy A12', 'R58RB5M90KN', NULL, '2022-08-23', 0.00, NULL, '2025-06-13 09:20:09', '20', '67'),
(431, 31, 'Samsung Galaxy A12', 'R58RB3604PR', NULL, '2022-08-23', 0.00, NULL, '2025-06-13 09:20:09', '20', '67'),
(432, 31, 'Samsung Galaxy A12', 'R58RB360D9Y', NULL, '2022-08-23', 0.00, NULL, '2025-06-13 09:20:09', '20', '67'),
(433, 31, 'Samsung Galaxy A12', 'R58RC0R113W', NULL, '2022-08-23', 0.00, NULL, '2025-06-13 09:20:09', '20', '67'),
(434, 31, 'Samsung Galaxy A12', 'RZ8R80A05WT', NULL, '2022-08-23', 0.00, NULL, '2025-06-13 09:20:09', '20', '67'),
(435, 31, 'Samsung Galaxy A12', 'RZ8T30T54EE', NULL, '2022-08-23', 0.00, NULL, '2025-06-13 09:20:09', '20', '67'),
(436, 31, 'Samsung Galaxy A12', 'RZ8T30VT84P', NULL, '2022-08-23', 0.00, NULL, '2025-06-13 09:20:09', '20', '67'),
(437, 31, 'Samsung Galaxy A12', 'RZ8T10PVYVP', NULL, '2022-08-23', 0.00, NULL, '2025-06-13 09:20:09', '20', '67'),
(438, 31, 'Samsung Galaxy A12', 'RZ8T30VVXRW', NULL, '2022-08-23', 0.00, NULL, '2025-06-13 09:20:09', '20', '67'),
(439, 31, 'Samsung Galaxy A12', 'R58R928GZFY', NULL, '2021-01-12', 0.00, NULL, '2025-06-13 09:20:09', '21', '66'),
(440, 31, 'Samsung Galaxy A12', 'R58R75NLNQV', NULL, '2021-01-12', 0.00, NULL, '2025-06-13 09:20:09', '21', '66'),
(441, 31, 'Samsung Galaxy A12', 'R58R928GLSM', NULL, '2021-01-12', 0.00, NULL, '2025-06-13 09:20:09', '21', '66'),
(442, 31, 'Samsung Galaxy A12', 'R58R74P9RV', NULL, '2021-01-12', 0.00, NULL, '2025-06-13 09:20:09', '21', '66'),
(443, 31, 'Samsung Galaxy A12', 'R58R751DSSN', NULL, '2021-01-12', 0.00, NULL, '2025-06-13 09:20:09', '21', '66'),
(444, 31, 'Samsung Galaxy A12', 'R58R75NKH0R', NULL, '2021-01-12', 0.00, NULL, '2025-06-13 09:20:09', '21', '66'),
(445, 31, 'Samsung Galaxy A12', 'R58R75NPE2X', NULL, '2021-01-12', 0.00, NULL, '2025-06-13 09:20:09', '21', '66'),
(446, 31, 'Samsung Galaxy A12', 'R58R75NPE9V', NULL, '2021-01-12', 0.00, NULL, '2025-06-13 09:20:09', '21', '66'),
(447, 31, 'Samsung Galaxy A12', 'R58R74TP8KA', NULL, '2021-01-12', 0.00, NULL, '2025-06-13 09:20:09', '21', '66'),
(448, 31, 'Samsung Galaxy A12', 'R58R921LTSH', NULL, '2021-01-12', 0.00, NULL, '2025-06-13 09:20:09', '21', '66'),
(449, 31, 'Samsung Galaxy A12', 'R58R751PBHJ', NULL, '2021-01-12', 0.00, NULL, '2025-06-13 09:20:09', '21', '66'),
(450, 31, 'Samsung Galaxy A12', 'R58R75NPCKA', NULL, '2021-01-12', 0.00, NULL, '2025-06-13 09:20:09', '21', '66'),
(451, 31, 'Samsung Galaxy A12', 'R58R75NM59W', NULL, '2021-01-12', 0.00, NULL, '2025-06-13 09:20:09', '21', '66'),
(452, 31, 'Samsung Galaxy A12', 'R58R75NKLMZ', NULL, '2021-01-12', 0.00, NULL, '2025-06-13 09:20:09', '21', '66'),
(453, 31, 'Samsung Galaxy A12', 'R58R70Q3ZFP', NULL, '2021-01-12', 0.00, NULL, '2025-06-13 09:20:09', '21', '66'),
(454, 31, 'Samsung Galaxy A12', 'R58R75NQQJ', NULL, '2021-01-12', 0.00, NULL, '2025-06-13 09:20:09', '21', '66'),
(455, 31, 'Samsung Galaxy A12', 'R58R921LB4F', NULL, '2021-01-12', 0.00, NULL, '2025-06-13 09:20:09', '21', '66'),
(456, 31, 'Samsung Galaxy A12', 'R58T3061T2R', NULL, '2023-03-23', 0.00, NULL, '2025-06-13 09:20:09', '21', '66'),
(457, 31, 'Samsung Galaxy A12', 'R58R928GGHP', NULL, '2023-08-18', 0.00, NULL, '2025-06-13 09:20:09', '21', '66'),
(458, 31, 'Samsung Galaxy A12', 'R58RB5E5Z4E', NULL, '2023-03-23', 0.00, NULL, '2025-06-13 09:20:09', '21', '66'),
(459, 31, 'Samsung Galaxy A12', '359184981777377', NULL, '2023-03-23', 0.00, NULL, '2025-06-13 09:20:09', '21', '66'),
(460, 31, 'Samsung Galaxy A12', 'R58R75NQQTJ', NULL, '2022-07-14', 0.00, NULL, '2025-06-13 09:20:09', '21', '66'),
(461, 31, 'Samsung Galaxy A12', 'R58T20A61SP', NULL, '2022-07-14', 0.00, NULL, '2025-06-13 09:20:09', '21', '66'),
(462, 31, 'Samsung Galaxy A12', 'R58R74TJ46Y', NULL, '2022-07-14', 0.00, NULL, '2025-06-13 09:20:09', '21', '66'),
(463, 31, 'Samsung Galaxy A12', 'R58T20CMEBT', NULL, '2022-07-14', 0.00, NULL, '2025-06-13 09:20:09', '21', '66'),
(464, 31, 'Samsung Galaxy A12', 'R58RC4GW8SL', NULL, '2022-07-14', 0.00, NULL, '2025-06-13 09:20:09', '21', '66'),
(465, 31, 'Samsung Galaxy A12', 'R58R921L78B', NULL, '2022-07-14', 0.00, NULL, '2025-06-13 09:20:09', '21', '66'),
(466, 31, 'Samsung Galaxy A12', 'R58R921LQJE', NULL, '2022-07-14', 0.00, NULL, '2025-06-13 09:20:09', '21', '66'),
(467, 40, 'Samsung Galaxy A12', 'RZ8R90QCNTE', NULL, '2022-01-07', 0.00, NULL, '2025-06-16 07:55:02', '11', '65'),
(468, 45, 'Tecno Spark 6', 'JYN1 - 357294150082129', 'FMT/01/21', '2021-05-01', 0.00, NULL, '2025-06-16 07:59:41', '11', '65'),
(469, 45, 'Tecno Spark 6', 'JYN1 - 357294150076964', 'FMT/07/21', '2021-05-01', 0.00, NULL, '2025-06-16 08:02:11', '11', '65');

-- --------------------------------------------------------

--
-- Table structure for table `inventory_assignment`
--

CREATE TABLE `inventory_assignment` (
  `id` int(11) NOT NULL,
  `name` varchar(255) NOT NULL,
  `email` varchar(255) NOT NULL,
  `role` varchar(255) NOT NULL,
  `serial_number` varchar(255) NOT NULL,
  `tag_number` varchar(255) DEFAULT NULL,
  `managed_by` varchar(255) NOT NULL,
  `acknowledgment_status` enum('pending','acknowledged') DEFAULT 'pending',
  `created_at` timestamp NOT NULL DEFAULT current_timestamp(),
  `updated_at` timestamp NOT NULL DEFAULT current_timestamp() ON UPDATE current_timestamp(),
  `date_assigned` date DEFAULT curdate(),
  `item` int(11) DEFAULT NULL,
  `reconfirm_enabled` tinyint(1) DEFAULT 0,
  `confirmed` tinyint(1) DEFAULT 0,
  `confirmation_date` datetime DEFAULT NULL,
  `reconfirmation_session_id` int(11) DEFAULT NULL
) ENGINE=InnoDB DEFAULT CHARSET=latin1 COLLATE=latin1_swedish_ci;

--
-- Dumping data for table `inventory_assignment`
--

INSERT INTO `inventory_assignment` (`id`, `name`, `email`, `role`, `serial_number`, `tag_number`, `managed_by`, `acknowledgment_status`, `created_at`, `updated_at`, `date_assigned`, `item`, `reconfirm_enabled`, `confirmed`, `confirmation_date`, `reconfirmation_session_id`) VALUES
(77, 'elisha.ogumo@evidenceaction.org', 'elisha.ogumo@evidenceaction.org', '27 13', 'PF3RGXHP', '202146', 'gentrix.obinda', 'pending', '2025-06-16 06:15:03', '2025-06-16 11:40:04', '2025-06-16', 77, 0, 0, NULL, NULL),
(78, 'faridah.mungoni@evidenceaction.org', 'faridah.mungoni@evidenceaction.org', '26 10', 'PF3REYAG', '200663', 'illah.evance', 'pending', '2025-06-16 06:16:19', '2025-06-16 11:40:04', '2025-06-16', 80, 0, 0, NULL, NULL),
(79, 'ferdnand.ongeta@evidenceaction.org', 'ferdnand.ongeta@evidenceaction.org', '25 10', 'PF4D3KEQ', '200680', 'illah.evance', 'pending', '2025-06-16 06:17:04', '2025-06-16 11:40:04', '2025-06-16', 83, 0, 0, NULL, NULL),
(80, 'ramadhan.swalleh@evidenceaction.org', 'ramadhan.swalleh@evidenceaction.org', '32 11', 'PF4D3ADV', '200681', 'ferdnand.ongeta', 'pending', '2025-06-16 06:17:48', '2025-06-16 11:40:04', '2025-06-16', 84, 0, 0, NULL, NULL),
(81, 'eunice.mutahi@evidenceaction.org', 'eunice.mutahi@evidenceaction.org', '31 12', 'PF4D2RM6', '200682', 'gabriel.ngoga', 'pending', '2025-06-16 06:18:34', '2025-06-16 11:40:04', '2025-06-16', 85, 0, 0, NULL, NULL),
(82, 'david.muteti@evidenceaction.org', 'david.muteti@evidenceaction.org', '31 13', 'PF4D3CNJ', '200679', 'gabriel.ngoga', 'pending', '2025-06-16 06:19:35', '2025-06-16 11:40:04', '2025-06-16', 86, 0, 0, NULL, NULL),
(83, 'mark.kalerwa@evidenceaction.org', 'mark.kalerwa@evidenceaction.org', '30 13', 'PF4D3Q25', '200683', 'robert.rotich', 'pending', '2025-06-16 06:21:42', '2025-06-16 11:40:04', '2025-06-16', 87, 0, 0, NULL, NULL),
(84, 'peter.mbuta@evidenceaction.org', 'peter.mbuta@evidenceaction.org', '27 12', 'PF4GRYYP', '201225', 'faridah.mungoni', 'pending', '2025-06-16 06:22:42', '2025-06-16 11:40:04', '2025-06-16', 88, 0, 0, NULL, NULL),
(85, 'jemimah.anyangu@evidenceaction.org', 'jemimah.anyangu@evidenceaction.org', '27 14', 'PF4GS5PG', '201527', 'elisha.ogumo', 'pending', '2025-06-16 06:25:23', '2025-06-16 11:40:04', '2025-06-16', 89, 0, 0, NULL, NULL),
(86, 'godfrey.barasa@evidenceaction.org', 'godfrey.barasa@evidenceaction.org', '27 14', 'PF4GSH02', '201528', 'elisha.ogumo', 'pending', '2025-06-16 06:26:23', '2025-06-16 11:40:04', '2025-06-16', 90, 0, 0, NULL, NULL),
(87, 'florence.nechesa@evidenceaction.org', 'florence.nechesa@evidenceaction.org', '28 13', 'PF4FK3NJ', '202451', 'terence.wandera', 'pending', '2025-06-16 06:27:07', '2025-06-16 11:40:04', '2025-06-16', 91, 0, 0, NULL, NULL),
(88, 'alfred.mwanzu@evidenceaction.org', 'alfred.mwanzu@evidenceaction.org', '27 14', 'PF4FK1BJ', '202452', 'elisha.ogumo', 'pending', '2025-06-16 06:28:46', '2025-06-16 11:40:04', '2025-06-16', 92, 0, 0, NULL, NULL),
(89, 'dorcas.lukobo@evidenceaction.org', 'dorcas.lukobo@evidenceaction.org', '27 14', 'PF4FLSTZ', '202453', 'elisha.ogumo', 'pending', '2025-06-16 06:29:30', '2025-06-16 11:40:04', '2025-06-16', 93, 0, 0, NULL, NULL),
(90, 'alphonce.omwaro@evidenceaction.org', 'alphonce.omwaro@evidenceaction.org', '27 14', 'PF4FLSTE', '202454', 'elisha.ogumo', 'pending', '2025-06-16 06:30:07', '2025-06-16 11:40:04', '2025-06-16', 94, 0, 0, NULL, NULL),
(91, 'douglas.simiyu@evidenceaction.org', 'douglas.simiyu@evidenceaction.org', '27 14', 'PF4FK1E2', '202455', 'elisha.ogumo', 'pending', '2025-06-16 06:30:34', '2025-06-16 11:40:04', '2025-06-16', 95, 0, 0, NULL, NULL),
(92, 'mixie.wandera@evidenceaction.org', 'mixie.wandera@evidenceaction.org', '31 12', 'PF4FK1DM', '200690', 'gabriel.ngoga', 'pending', '2025-06-16 06:31:09', '2025-06-16 11:40:04', '2025-06-16', 100, 0, 0, NULL, NULL),
(93, 'gabriel.ngoga@evidenceaction.org', 'gabriel.ngoga@evidenceaction.org', '31 11', 'PF4FLQHV', '200688', 'ferdnand.ongeta', 'pending', '2025-06-16 06:31:51', '2025-06-16 11:40:04', '2025-06-16', 101, 0, 0, NULL, NULL),
(95, 'emmanuel.owino@evidenceaction.org', 'emmanuel.owino@evidenceaction.org', '29 12', 'PF4FJZ5B', '200691', 'sharon.chebet', 'pending', '2025-06-16 06:33:03', '2025-06-16 11:40:04', '2025-06-16', 103, 0, 0, NULL, NULL),
(96, 'norah.ogonji@evidenceaction.org', 'norah.ogonji@evidenceaction.org', '31 13', 'PF4FLQGR', '200689', 'gabriel.ngoga', 'pending', '2025-06-16 06:33:35', '2025-06-16 11:40:04', '2025-06-16', 104, 0, 0, NULL, NULL),
(97, 'tanya.onyango@evidenceaction.org', 'tanya.onyango@evidenceaction.org', '31 13', 'PF4FLQH4', '200692', 'gabriel.ngoga', 'pending', '2025-06-16 06:34:12', '2025-06-16 11:40:04', '2025-06-16', 105, 0, 0, NULL, NULL),
(98, 'terence.wandera@evidenceaction.org', 'terence.wandera@evidenceaction.org', '28 12', 'CN41283MLR', '200662', 'faridah.mungoni', 'pending', '2025-06-16 06:35:13', '2025-06-16 11:40:04', '2025-06-16', 106, 0, 0, NULL, NULL),
(99, 'winfred.kimeu@evidenceaction.org', 'winfred.kimeu@evidenceaction.org', '31 9', '3CM2223H83', '200654', 'gabriel.ngoga', 'pending', '2025-06-16 06:36:51', '2025-06-16 11:40:04', '2025-06-16', 108, 0, 0, NULL, NULL),
(100, 'tanya.onyango@evidenceaction.org', 'tanya.onyango@evidenceaction.org', '31 13', '3CM2223HNW', '200656', 'gabriel.ngoga', 'pending', '2025-06-16 06:37:25', '2025-06-16 11:40:04', '2025-06-16', 109, 0, 0, NULL, NULL),
(101, 'norah.ogonji@evidenceaction.org', 'norah.ogonji@evidenceaction.org', '31 13', '3CM2223FRL', '200655', 'gabriel.ngoga', 'pending', '2025-06-16 06:38:03', '2025-06-16 11:40:04', '2025-06-16', 110, 0, 0, NULL, NULL),
(102, 'david.muteti@evidenceaction.org', 'david.muteti@evidenceaction.org', '31 13', '3CM2223HND', '200658', 'gabriel.ngoga', 'pending', '2025-06-16 06:38:42', '2025-06-16 11:40:04', '2025-06-16', 111, 0, 0, NULL, NULL),
(103, 'virginia.wambui@evidenceaction.org', 'virginia.wambui@evidenceaction.org', '29 13', '3CM2223HNV', '200660', 'sharon.chebet', 'pending', '2025-06-16 06:39:17', '2025-06-16 11:40:04', '2025-06-16', 112, 0, 0, NULL, NULL),
(104, 'florence.nechesa@evidenceaction.org', 'florence.nechesa@evidenceaction.org', '28 13', '3CM2223H4Q', '201083', 'terence.wandera', 'pending', '2025-06-16 06:39:51', '2025-06-16 11:40:04', '2025-06-16', 113, 0, 0, NULL, NULL),
(105, 'gabriel.ngoga@evidenceaction.org', 'gabriel.ngoga@evidenceaction.org', '31 11', '3CM2223H82', '200657', 'ferdnand.ongeta', 'pending', '2025-06-16 06:40:43', '2025-06-16 11:40:04', '2025-06-16', 114, 0, 0, NULL, NULL),
(106, 'brian.masibo@evidenceaction.org', 'brian.masibo@evidenceaction.org', '30 12', '3CM2330NMX', '200699', 'robert.rotich', 'pending', '2025-06-16 06:54:18', '2025-06-16 11:40:04', '2025-06-16', 184, 0, 0, NULL, NULL),
(107, 'Jared.otiende@evidenceaction.org', 'Jared.otiende@evidenceaction.org', '27 14', 'PF4FLQGG', '201943', 'elisha.ogumo', 'pending', '2025-06-16 06:55:15', '2025-06-16 11:40:04', '2025-06-16', 185, 0, 0, NULL, NULL),
(108, 'brian.masibo@evidenceaction.org', 'brian.masibo@evidenceaction.org', '30 12', 'PF4FK3LC', '200713', 'robert.rotich', 'pending', '2025-06-16 06:55:43', '2025-06-16 11:40:04', '2025-06-16', 186, 0, 0, NULL, NULL),
(109, 'jeremiah.opiyo@evidenceaction.org', 'jeremiah.opiyo@evidenceaction.org', '27 14', 'PF4FJZ46', '201944', 'elisha.ogumo', 'pending', '2025-06-16 06:56:36', '2025-06-16 11:40:04', '2025-06-16', 187, 0, 0, NULL, NULL),
(110, 'erick.echesa@evidenceaction.org', 'erick.echesa@evidenceaction.org', '27 14', 'PF4HXEGP', '200731', 'elisha.ogumo', 'pending', '2025-06-16 06:57:08', '2025-06-16 11:40:04', '2025-06-16', 189, 0, 0, NULL, NULL),
(111, 'tina.apiyo@evidenceaction.org', 'tina.apiyo@evidenceaction.org', '27 14', 'PF4HXENT', '200733', 'elisha.ogumo', 'pending', '2025-06-16 06:58:18', '2025-06-16 11:40:04', '2025-06-16', 190, 0, 0, NULL, NULL),
(112, 'lynet.akello@evidenceaction.org', 'lynet.akello@evidenceaction.org', '27 14', 'PF4HPCM3', '200732', 'elisha.ogumo', 'pending', '2025-06-16 06:58:41', '2025-06-16 11:40:04', '2025-06-16', 191, 0, 0, NULL, NULL),
(113, 'dinah.chedeyi@evidenceaction.org', 'dinah.chedeyi@evidenceaction.org', '27 14', 'PF4HXEEB', '200734', 'peter.mbuta', 'pending', '2025-06-16 06:59:09', '2025-06-16 11:40:04', '2025-06-16', 192, 0, 0, NULL, NULL),
(114, 'robert.omondi@evidenceaction.org', 'robert.omondi@evidenceaction.org', '29 13', 'CNK7301KRQ', '200506', 'sharon.chebet', 'pending', '2025-06-16 07:03:01', '2025-06-16 11:40:04', '2025-06-16', 214, 0, 0, NULL, NULL),
(115, 'virginia.wambui@evidenceaction.org', 'virginia.wambui@evidenceaction.org', '29 13', 'PF2SDYE9', '200583', 'sharon.chebet', 'pending', '2025-06-16 07:04:55', '2025-06-16 11:40:04', '2025-06-16', 216, 0, 0, NULL, NULL),
(116, 'robert.omondi@evidenceaction.org', 'robert.omondi@evidenceaction.org', '29 13', '6CM64012FH', '200508', 'sharon.chebet', 'pending', '2025-06-16 07:05:31', '2025-06-16 11:40:04', '2025-06-16', 217, 0, 0, NULL, NULL),
(117, 'robert.rotich@evidenceaction.org', 'robert.rotich@evidenceaction.org', '30 11', 'PF2A0ZY7', '200553', 'ferdnand.ongeta', 'pending', '2025-06-16 07:06:05', '2025-06-16 11:40:04', '2025-06-16', 218, 0, 0, NULL, NULL),
(118, 'robert.rotich@evidenceaction.org', 'robert.rotich@evidenceaction.org', '30 11', '4ML125E15N1378', '200509', 'ferdnand.ongeta', 'pending', '2025-06-16 07:06:22', '2025-06-16 11:40:04', '2025-06-16', 219, 0, 0, NULL, NULL),
(119, 'dinah.chedeyi@evidenceaction.org', 'dinah.chedeyi@evidenceaction.org', '27 14', 'PF14RFRM', '201263', 'peter.mbuta', 'pending', '2025-06-16 07:08:04', '2025-06-16 11:40:04', '2025-06-16', 224, 0, 0, NULL, NULL),
(120, 'ferdnand.ongeta@evidenceaction.org', 'ferdnand.ongeta@evidenceaction.org', '25 10', 'RF8W60HTPJD', NULL, 'illah.evance', 'pending', '2025-06-16 07:26:14', '2025-06-16 11:40:04', '2025-06-16', 115, 0, 0, NULL, NULL),
(122, 'elisha.ogumo@evidenceaction.org', 'elisha.ogumo@evidenceaction.org', '27 13', 'R58W213CG1Z', NULL, 'gentrix.obinda', 'pending', '2025-06-16 07:27:25', '2025-06-16 11:40:04', '2025-06-16', 117, 0, 0, NULL, NULL),
(123, 'alphonce.omwaro@evidenceaction.org', 'alphonce.omwaro@evidenceaction.org', '27 14', 'RZ8W10PB1TF', NULL, 'elisha.ogumo', 'pending', '2025-06-16 07:27:50', '2025-06-16 11:40:04', '2025-06-16', 134, 0, 0, NULL, NULL),
(124, 'erick.echesa@evidenceaction.org', 'erick.echesa@evidenceaction.org', '27 14', 'RZ8W10NL1EV', NULL, 'elisha.ogumo', 'pending', '2025-06-16 07:28:19', '2025-06-16 11:40:04', '2025-06-16', 135, 0, 0, NULL, NULL),
(125, 'jeremiah.opiyo@evidenceaction.org', 'jeremiah.opiyo@evidenceaction.org', '27 14', 'RZ8W10P9KAB', NULL, 'elisha.ogumo', 'pending', '2025-06-16 07:28:42', '2025-06-16 11:40:04', '2025-06-16', 136, 0, 0, NULL, NULL),
(126, 'Jared.otiende@evidenceaction.org', 'Jared.otiende@evidenceaction.org', '27 14', 'RZ8W10P9XJZ', NULL, 'elisha.ogumo', 'pending', '2025-06-16 07:29:10', '2025-06-16 11:40:04', '2025-06-16', 137, 0, 0, NULL, NULL),
(127, 'godfrey.barasa@evidenceaction.org', 'godfrey.barasa@evidenceaction.org', '27 14', 'RZ8W10NJYSZ', NULL, 'elisha.ogumo', 'pending', '2025-06-16 07:29:55', '2025-06-16 11:40:04', '2025-06-16', 138, 0, 0, NULL, NULL),
(128, 'gentrix.obinda@evidenceaction.org', 'gentrix.obinda@evidenceaction.org', '27 12', 'RZ8W10NKYXN', NULL, 'faridah.mungoni', 'pending', '2025-06-16 07:30:28', '2025-06-16 11:40:04', '2025-06-16', 139, 0, 0, NULL, NULL),
(129, 'winfred.kimeu@evidenceaction.org', 'winfred.kimeu@evidenceaction.org', '31 9', 'RF8W60KBRMA', NULL, 'gabriel.ngoga', 'pending', '2025-06-16 07:31:12', '2025-06-16 11:40:04', '2025-06-16', 150, 0, 0, NULL, NULL),
(130, 'gabriel.ngoga@evidenceaction.org', 'gabriel.ngoga@evidenceaction.org', '31 11', 'RF8W60KZ38P', NULL, 'ferdnand.ongeta', 'pending', '2025-06-16 07:31:32', '2025-06-16 11:40:04', '2025-06-16', 151, 0, 0, NULL, NULL),
(131, 'tanya.onyango@evidenceaction.org', 'tanya.onyango@evidenceaction.org', '31 13', 'RF8W806ZLLE', NULL, 'gabriel.ngoga', 'pending', '2025-06-16 07:32:00', '2025-06-16 11:40:04', '2025-06-16', 152, 0, 0, NULL, NULL),
(132, 'norah.ogonji@evidenceaction.org', 'norah.ogonji@evidenceaction.org', '31 13', 'RF8W807016K', NULL, 'gabriel.ngoga', 'pending', '2025-06-16 07:32:22', '2025-06-16 11:40:04', '2025-06-16', 153, 0, 0, NULL, NULL),
(133, 'david.muteti@evidenceaction.org', 'david.muteti@evidenceaction.org', '31 13', 'RF8W8072EPD', NULL, 'gabriel.ngoga', 'pending', '2025-06-16 07:32:38', '2025-06-16 11:40:04', '2025-06-16', 154, 0, 0, NULL, NULL),
(135, 'alfred.mogalo@evidenceaction.org', 'alfred.mogalo@evidenceaction.org', '27 14', 'PF4HVRRN', NULL, 'elisha.ogumo', 'pending', '2025-06-16 07:35:53', '2025-06-16 11:40:04', '2025-06-16', 212, 0, 0, NULL, NULL),
(136, 'gentrix.obinda@evidenceaction.org', 'gentrix.obinda@evidenceaction.org', '27 12', 'PF4HWRNG', NULL, 'faridah.mungoni', 'pending', '2025-06-16 07:36:25', '2025-06-16 11:40:04', '2025-06-16', 213, 0, 0, NULL, NULL),
(137, 'alfred.mwanzu@evidenceaction.org', 'alfred.mwanzu@evidenceaction.org', '27 14', 'RZ8R91Q1K1N', NULL, 'elisha.ogumo', 'pending', '2025-06-16 07:37:17', '2025-06-16 11:40:04', '2025-06-16', 220, 0, 0, NULL, NULL),
(138, 'dorcas.lukobo@evidenceaction.org', 'dorcas.lukobo@evidenceaction.org', '27 14', 'RZ8R81HL2ZK', NULL, 'elisha.ogumo', 'pending', '2025-06-16 07:40:35', '2025-06-16 11:40:04', '2025-06-16', 225, 0, 0, NULL, NULL),
(139, 'douglas.simiyu@evidenceaction.org', 'douglas.simiyu@evidenceaction.org', '27 14', 'RZ8R926BW1V', NULL, 'elisha.ogumo', 'pending', '2025-06-16 07:42:21', '2025-06-16 11:40:04', '2025-06-16', 226, 0, 0, NULL, NULL),
(140, 'elisha.ogumo@evidenceaction.org', 'elisha.ogumo@evidenceaction.org', '27 13', 'H9N5', NULL, 'gentrix.obinda', 'pending', '2025-06-16 07:43:10', '2025-06-16 11:40:04', '2025-06-16', 227, 0, 0, NULL, NULL),
(141, 'elisha.ogumo@evidenceaction.org', 'elisha.ogumo@evidenceaction.org', '27 13', 'EYN13-258905', NULL, 'gentrix.obinda', 'pending', '2025-06-16 07:46:46', '2025-06-16 11:40:04', '2025-06-16', 228, 0, 0, NULL, NULL),
(142, 'elisha.ogumo@evidenceaction.org', 'elisha.ogumo@evidenceaction.org', '27 13', 'RZ8RA0EYX4X', NULL, 'gentrix.obinda', 'pending', '2025-06-16 07:47:23', '2025-06-16 11:40:04', '2025-06-16', 229, 0, 0, NULL, NULL),
(143, 'godfrey.barasa@evidenceaction.org', 'godfrey.barasa@evidenceaction.org', '27 14', 'JZN1 - 357294150190997', 'FMT/06/21', 'elisha.ogumo', 'pending', '2025-06-16 07:49:47', '2025-06-16 11:40:04', '2025-06-16', 230, 0, 0, NULL, NULL),
(144, 'florence.nechesa@evidenceaction.org', 'florence.nechesa@evidenceaction.org', '28 13', 'RZ8R90QCNTE', NULL, 'terence.wandera', 'pending', '2025-06-16 07:55:18', '2025-06-16 11:40:04', '2025-06-16', 467, 0, 0, NULL, NULL),
(145, 'elisha.ogumo@evidenceaction.org', 'elisha.ogumo@evidenceaction.org', '27 13', 'JYN1 - 357294150082129', 'FMT/01/21', 'gentrix.obinda', 'pending', '2025-06-16 08:00:01', '2025-06-16 11:40:04', '2025-06-16', 468, 0, 0, NULL, NULL),
(146, 'Jared.otiende@evidenceaction.org', 'Jared.otiende@evidenceaction.org', '27 14', 'JYN1 - 357294150076964', 'FMT/07/21', 'elisha.ogumo', 'pending', '2025-06-16 08:02:37', '2025-06-16 11:40:04', '2025-06-16', 469, 0, 0, NULL, NULL),
(147, 'tina.apiyo@evidenceaction.org', 'tina.apiyo@evidenceaction.org', '27 14', 'PF14LC0M', '201256', 'elisha.ogumo', 'pending', '2025-06-16 08:03:33', '2025-06-16 11:40:04', '2025-06-16', 243, 0, 0, NULL, NULL),
(148, 'Lynet.akello', 'lynet.akello@evidenceaction.org', '27 14', 'PF14RSC0', '201259', 'Elisha.ogumo', 'pending', '2025-06-16 08:35:25', '2025-06-16 11:40:04', '2025-06-16', 248, 0, 0, NULL, NULL),
(149, 'jemimah.anyangu@evidenceaction.org', 'jemimah.anyangu@evidenceaction.org', '27 14', 'RZ8R90X459D', NULL, 'elisha.ogumo', 'pending', '2025-06-16 08:37:11', '2025-06-16 11:40:04', '2025-06-16', 247, 0, 0, NULL, NULL),
(150, 'lynet.akello@evidenceaction.org', 'lynet.akello@evidenceaction.org', '27 14', 'RZ8R90T3LOT', NULL, 'elisha.ogumo', 'pending', '2025-06-16 08:37:48', '2025-06-16 11:40:04', '2025-06-16', 249, 0, 0, NULL, NULL),
(152, 'illah.evance@evidenceaction.org', 'illah.evance@evidenceaction.org', '24 9', 'RZ8W406G4NA', NULL, 'maarten.vandereep', 'pending', '2025-06-16 09:40:05', '2025-06-16 11:40:04', '2025-06-16', 116, 0, 0, NULL, NULL),
(153, 'illah.evance@evidenceaction.org', 'illah.evance@evidenceaction.org', '24 9', 'PF4PL0FY', NULL, 'maarten.vandereep', 'pending', '2025-06-16 09:40:50', '2025-06-16 11:40:04', '2025-06-16', 209, 0, 0, NULL, NULL),
(154, 'lilian.njihia@evidenceaction.org', 'lilian.njihia@evidenceaction.org', '32 13', 'PF2H6T37', '200567', 'ramadhan.swalleh', 'pending', '2025-06-16 09:46:25', '2025-06-16 11:40:04', '2025-06-16', 376, 0, 0, NULL, NULL),
(155, 'lilian.njihia@evidenceaction.org', 'lilian.njihia@evidenceaction.org', '32 13', '05940330AF103083', NULL, 'ramadhan.swalleh', 'pending', '2025-06-16 09:46:52', '2025-06-16 11:40:04', '2025-06-16', 377, 0, 0, NULL, NULL),
(156, 'ramadhan.swalleh@evidenceaction.org', 'ramadhan.swalleh@evidenceaction.org', '32 11', 'CNC0033DZJ', '202105', 'ferdnand.ongeta', 'pending', '2025-06-16 09:49:35', '2025-06-16 11:40:04', '2025-06-16', 381, 0, 0, NULL, NULL),
(157, 'mark.kalerwa@evidenceaction.org', 'mark.kalerwa@evidenceaction.org', '30 13', 'CNC6280W0B', '200512', 'robert.rotich', 'pending', '2025-06-16 09:54:15', '2025-06-16 11:40:04', '2025-06-16', 383, 0, 0, NULL, NULL),
(158, 'david.muteti@evidenceaction.org', 'david.muteti@evidenceaction.org', '31 13', 'RZ8R8Z91A3A', NULL, 'gabriel.ngoga', 'pending', '2025-06-16 09:55:57', '2025-06-16 11:40:04', '2025-06-16', 389, 0, 0, NULL, NULL),
(159, 'rinah.abwao@evidenceaction.org', 'rinah.abwao@evidenceaction.org', '31 15', 'PF2E6HKG', '201281', 'eunice.mutahi', 'pending', '2025-06-16 09:56:40', '2025-06-16 11:40:04', '2025-06-16', 390, 0, 0, NULL, NULL),
(160, 'eunice.mutahi@evidenceaction.org', 'eunice.mutahi@evidenceaction.org', '31 12', '3CM91003FN', '201238', 'gabriel.ngoga', 'pending', '2025-06-16 09:57:34', '2025-06-16 11:40:04', '2025-06-16', 391, 0, 0, NULL, NULL),
(161, 'ferdnand.ongeta@evidenceaction.org', 'ferdnand.ongeta@evidenceaction.org', '25 10', '3CM91003JL', '200534', 'illah.evance', 'pending', '2025-06-16 09:58:12', '2025-06-16 11:40:04', '2025-06-16', 392, 0, 0, NULL, NULL),
(162, 'gabriel.ngoga@evidenceaction.org', 'gabriel.ngoga@evidenceaction.org', '31 11', 'PF2E6PSR', '201280', 'ferdnand.ongeta', 'pending', '2025-06-16 10:00:05', '2025-06-16 11:40:04', '2025-06-16', 393, 0, 0, NULL, NULL),
(163, 'gabriel.ngoga@evidenceaction.org', 'gabriel.ngoga@evidenceaction.org', '31 11', '3CM9100383', '201244', 'ferdnand.ongeta', 'pending', '2025-06-16 10:00:28', '2025-06-16 11:40:04', '2025-06-16', 394, 0, 0, NULL, NULL),
(164, 'tanya.onyango@evidenceaction.org', 'tanya.onyango@evidenceaction.org', '31 13', 'RZ8R8IHJX9L', NULL, 'gabriel.ngoga', 'pending', '2025-06-16 10:02:35', '2025-06-16 11:40:04', '2025-06-16', 397, 0, 0, NULL, NULL),
(165, 'terence.wandera@evidenceaction.org', 'terence.wandera@evidenceaction.org', '28 12', '3CQ7240KGR', '200514', 'faridah.mungoni', 'pending', '2025-06-16 10:04:14', '2025-06-16 11:40:04', '2025-06-16', 399, 0, 0, NULL, NULL),
(166, 'terence.wandera@evidenceaction.org', 'terence.wandera@evidenceaction.org', '28 12', 'R9WN30FWX9J', NULL, 'faridah.mungoni', 'pending', '2025-06-16 10:04:41', '2025-06-16 11:40:04', '2025-06-16', 400, 0, 0, NULL, NULL),
(167, 'lilian.njihia@evidenceaction.org', 'lilian.njihia@evidenceaction.org', '32 13', '3CM804103D', '200511', 'ramadhan.swalleh', 'pending', '2025-06-16 10:06:26', '2025-06-16 11:40:04', '2025-06-16', 402, 0, 0, NULL, NULL),
(168, 'sharon.chebet@evidenceaction.org', 'sharon.chebet@evidenceaction.org', '29 11', 'PF3DFJ6M', '200600', 'ferdnand.ongeta', 'pending', '2025-06-16 10:22:13', '2025-06-16 11:40:04', '2025-06-16', 403, 0, 0, NULL, NULL),
(169, 'robert.omondi@evidenceaction.org', 'robert.omondi@evidenceaction.org', '29 13', 'PF3DGZV0', '200618', 'sharon.chebet', 'pending', '2025-06-16 10:23:45', '2025-06-16 11:40:04', '2025-06-16', 404, 0, 0, NULL, NULL),
(170, 'terence.wandera@evidenceaction.org', 'terence.wandera@evidenceaction.org', '28 12', 'PF3DG0SF', '201519', 'faridah.mungoni', 'pending', '2025-06-16 10:24:28', '2025-06-16 11:40:04', '2025-06-16', 405, 0, 0, NULL, NULL),
(171, 'winfred.kimeu@evidenceaction.org', 'winfred.kimeu@evidenceaction.org', '31 9', 'PF3DGCQR', '201302', 'gabriel.ngoga', 'pending', '2025-06-16 10:27:16', '2025-06-16 11:40:04', '2025-06-16', 406, 0, 0, NULL, NULL),
(172, 'emmanuel.owino@evidenceaction.org', 'emmanuel.owino@evidenceaction.org', '29 12', '3CM2290V8K', '200638', 'sharon.chebet', 'pending', '2025-06-16 10:28:37', '2025-06-16 11:40:04', '2025-06-16', 412, 0, 0, NULL, NULL),
(173, 'sharon.chebet@evidenceaction.org', 'sharon.chebet@evidenceaction.org', '29 11', '3CM2212SG9', '200640', 'ferdnand.ongeta', 'pending', '2025-06-16 10:30:26', '2025-06-16 11:40:04', '2025-06-16', 411, 0, 0, NULL, NULL),
(174, 'illah.evance@evidenceaction.org', 'illah.evance@evidenceaction.org', '24 9', 'PF41W18A', '200639', 'maarten.vandereep', 'pending', '2025-06-16 10:37:07', '2025-06-16 11:40:04', '2025-06-16', 410, 0, 0, NULL, NULL),
(175, 'gentrix.obinda@evidenceaction.org', 'gentrix.obinda@evidenceaction.org', '27 12', 'PF3DG9GP', '201911', 'faridah.mungoni', 'pending', '2025-06-16 10:38:01', '2025-06-16 11:40:04', '2025-06-16', 408, 0, 0, NULL, NULL),
(180, 'rita.kogi@evidenceaction.org', 'rita.kogi@evidenceaction.org', '32 13', 'PF4FLSR1', '200693', 'ramadhan.swalleh', 'pending', '2025-06-16 11:36:01', '2025-06-16 11:36:01', '2025-06-16', 102, 0, 0, NULL, NULL);

-- --------------------------------------------------------

--
-- Table structure for table `inventory_returned`
--

CREATE TABLE `inventory_returned` (
  `id` int(11) NOT NULL,
  `assignment_id` int(11) NOT NULL,
  `return_date` date NOT NULL,
  `receiver_id` int(11) NOT NULL,
  `returned_by` varchar(255) NOT NULL,
  `status` enum('pending','approved','disapproved') NOT NULL DEFAULT 'pending',
  `item_state` enum('functional','damaged','lost','disapproved') NOT NULL DEFAULT 'functional',
  `approved_by` int(11) DEFAULT NULL,
  `approved_date` datetime DEFAULT NULL,
  `repair_status` enum('Repairable','Unrepairable') DEFAULT NULL,
  `disapproval_comment` text DEFAULT NULL,
  `created_at` timestamp NOT NULL DEFAULT current_timestamp(),
  `updated_at` timestamp NOT NULL DEFAULT current_timestamp() ON UPDATE current_timestamp()
) ENGINE=InnoDB DEFAULT CHARSET=latin1 COLLATE=latin1_swedish_ci;

-- --------------------------------------------------------

--
-- Table structure for table `locations`
--

CREATE TABLE `locations` (
  `id` int(11) NOT NULL,
  `location_name` varchar(100) NOT NULL,
  `created_at` timestamp NOT NULL DEFAULT current_timestamp()
) ENGINE=InnoDB DEFAULT CHARSET=latin1 COLLATE=latin1_swedish_ci;

--
-- Dumping data for table `locations`
--

INSERT INTO `locations` (`id`, `location_name`, `created_at`) VALUES
(13, 'Cameroon', '2025-06-12 07:12:26'),
(14, 'Kenya', '2025-06-12 07:12:35'),
(15, 'Liberia', '2025-06-12 07:12:44'),
(16, 'Malawi', '2025-06-12 07:12:52'),
(17, 'Nigeria', '2025-06-12 07:13:04'),
(18, 'Uganda', '2025-06-12 07:13:11'),
(19, 'Zambia', '2025-06-12 07:13:18');

-- --------------------------------------------------------

--
-- Table structure for table `offices`
--

CREATE TABLE `offices` (
  `id` int(11) NOT NULL,
  `office_name` varchar(255) NOT NULL,
  `location_id` int(11) DEFAULT NULL,
  `created_at` timestamp NOT NULL DEFAULT current_timestamp()
) ENGINE=InnoDB DEFAULT CHARSET=latin1 COLLATE=latin1_swedish_ci;

--
-- Dumping data for table `offices`
--

INSERT INTO `offices` (`id`, `office_name`, `location_id`, `created_at`) VALUES
(9, 'Chavakali', 14, '2025-06-12 07:13:54'),
(10, 'Awendo', 14, '2025-06-12 07:14:06'),
(11, 'Nairobi', 14, '2025-06-12 07:14:17'),
(12, 'Ugunja', 14, '2025-06-13 06:15:51'),
(13, 'Busia', 14, '2025-06-13 06:16:07'),
(14, 'Webuye', 14, '2025-06-13 06:17:44'),
(15, 'Matunda', 14, '2025-06-13 06:18:07'),
(16, 'Oyugis', 14, '2025-06-13 06:18:23'),
(17, 'Mumias', 14, '2025-06-13 06:18:44'),
(18, 'Ndhiwa', 14, '2025-06-13 06:19:07'),
(19, 'Abuja', 17, '2025-06-13 08:24:35'),
(20, 'Blantyre', 16, '2025-06-13 08:25:45'),
(21, 'Jinja', 18, '2025-06-13 08:26:22');

-- --------------------------------------------------------

--
-- Table structure for table `positions`
--

CREATE TABLE `positions` (
  `id` int(11) NOT NULL,
  `position_name` varchar(255) NOT NULL,
  `hierarchy_level` int(11) NOT NULL
) ENGINE=InnoDB DEFAULT CHARSET=latin1 COLLATE=latin1_swedish_ci;

--
-- Dumping data for table `positions`
--

INSERT INTO `positions` (`id`, `position_name`, `hierarchy_level`) VALUES
(9, 'Associate Director', 1),
(10, 'Manager', 2),
(11, 'Associate Manager', 3),
(12, 'Senior Associate', 4),
(13, 'Associate', 5),
(14, 'M&E Field Officer', 6),
(15, 'Intern', 6),
(16, 'Director', 1);

-- --------------------------------------------------------

--
-- Table structure for table `reconfirmation_sessions`
--

CREATE TABLE `reconfirmation_sessions` (
  `id` int(11) NOT NULL,
  `year` int(11) NOT NULL,
  `month` int(11) NOT NULL,
  `initiated_by` varchar(255) DEFAULT NULL,
  `start_date` datetime DEFAULT current_timestamp(),
  `active` tinyint(1) DEFAULT 0
) ENGINE=InnoDB DEFAULT CHARSET=latin1 COLLATE=latin1_swedish_ci;

-- --------------------------------------------------------

--
-- Table structure for table `staff_login`
--

CREATE TABLE `staff_login` (
  `id` int(11) NOT NULL,
  `email` varchar(255) NOT NULL,
  `password` varchar(255) NOT NULL DEFAULT '$2y$10$[your_generated_hash_here]',
  `role` enum('super_admin','admin','staff') NOT NULL,
  `department` varchar(255) DEFAULT NULL,
  `position` varchar(255) DEFAULT NULL,
  `dutystation` varchar(255) DEFAULT NULL,
  `created_at` timestamp NOT NULL DEFAULT current_timestamp(),
  `updated_at` timestamp NOT NULL DEFAULT current_timestamp() ON UPDATE current_timestamp()
) ENGINE=InnoDB DEFAULT CHARSET=latin1 COLLATE=latin1_swedish_ci;

--
-- Dumping data for table `staff_login`
--

INSERT INTO `staff_login` (`id`, `email`, `password`, `role`, `department`, `position`, `dutystation`, `created_at`, `updated_at`) VALUES
(21, 'admin@test.com', '$2y$10$OjwxADWONzLcUxnyIL/wke3zZf6DjKR5Xikl/acMzY.UtJ15A.g2q', 'super_admin', '23', '9', '11', '2025-06-13 06:15:23', '2025-06-13 06:15:23'),
(22, 'illah.evance@evidenceaction.org', '$2y$10$D5gF4T6C60OY8yB7rOIOFeTOjKquiE7RI4ctWv.EuR6EYg6wi0wa2', 'staff', '24', '9', '11', '2025-06-13 06:25:59', '2025-06-13 06:25:59'),
(23, 'sharon.chebet@evidenceaction.org', '$2y$10$82rUnRjCOuFAg4D99QWDOeUB7RJ6oigtxda9jbt59h/1E2gBU0N3C', 'staff', '29', '11', '11', '2025-06-13 06:26:34', '2025-06-13 06:26:34'),
(24, 'robert.rotich@evidenceaction.org', '$2y$10$9qQWKdtpUVbuCLyNB9agOOy4Aymwhc3a7euCuj4bsyD7IOBKy687K', 'staff', '30', '11', '11', '2025-06-13 06:27:07', '2025-06-13 06:27:07'),
(25, 'ramadhan.swalleh@evidenceaction.org', '$2y$10$7RorwOHAJjd0xwLdiRy9tuajq6ej2dAkQfoaRyojK84JnA6RdDWDK', 'staff', '32', '11', '9', '2025-06-13 06:27:53', '2025-06-13 06:27:53'),
(26, 'gabriel.ngoga@evidenceaction.org', '$2y$10$rYsSqn/ia4eoZZf3ieqoe.jA.83/Y.n/NVROqLIifrTiDC9KziVIW', 'staff', '31', '11', '11', '2025-06-13 06:28:34', '2025-06-13 06:28:34'),
(27, 'robert.omondi@evidenceaction.org', '$2y$10$9RIOoD0dVsySMWrB6TfxWOrxhBQVvl2AjpwSSN//5X43Me2AAKsg.', 'staff', '29', '13', '11', '2025-06-13 06:29:01', '2025-06-13 06:29:01'),
(28, 'virginia.wambui@evidenceaction.org', '$2y$10$4qXbR65OWaxPMOGMuoE5MeUQUq7KAemBZqbDUsVWzdWnEk80ntWX.', 'staff', '29', '13', '11', '2025-06-13 06:29:41', '2025-06-13 06:29:41'),
(29, 'mark.kalerwa@evidenceaction.org', '$2y$10$kwF8.Xvf6H2CTVO5gBegneUbdvjEIE6GvkZ85ARhLdPZxzYN0Mbze', 'staff', '30', '13', '11', '2025-06-13 06:30:19', '2025-06-13 06:30:19'),
(30, 'elisha.ogumo@evidenceaction.org', '$2y$10$vQqbppfsV/tDGdQREHiMiu8S5oYzBY/fB9nqExI1fD64wBN7YAUla', 'staff', '27', '13', '12', '2025-06-13 06:31:19', '2025-06-13 06:31:19'),
(31, 'lilian.njihia@evidenceaction.org', '$2y$10$8w2Ote6cv4JifMynr16BAeTtUajpqFwQdAzGjq2vifPAuATR/82xW', 'staff', '32', '13', '11', '2025-06-13 06:31:53', '2025-06-13 06:31:53'),
(32, 'rita.kogi@evidenceaction.org', '$2y$10$YdQ6AKPJB9.sEDUBJQmY8.kDkUhLAGFR8TUGuHb2bNQS.AaJ8HFm2', 'staff', '32', '13', '11', '2025-06-13 06:32:23', '2025-06-13 06:32:23'),
(33, 'david.muteti@evidenceaction.org', '$2y$10$k.8f26oTnZpD2r6HYJFzs.V8p0ajj.ZgGiwvK5d9rXcwCz1Q0HzKi', 'staff', '31', '13', '11', '2025-06-13 06:32:51', '2025-06-13 06:32:51'),
(34, 'winfred.kimeu@evidenceaction.org', '$2y$10$J8GL83LSE1A0ggEOKctkyOO87XvenNoGV1Hz4BycdQjaAqCs5x6ba', 'staff', '31', '9', '11', '2025-06-13 06:33:21', '2025-06-13 06:33:21'),
(35, 'norah.ogonji@evidenceaction.org', '$2y$10$bug6jdG1rhWRyL5CrxNL2Ojf/NmNPKJgEYDD4/aTU7rs0IMXNdAWC', 'staff', '31', '13', '11', '2025-06-13 06:33:55', '2025-06-13 06:33:55'),
(36, 'tanya.onyango@evidenceaction.org', '$2y$10$7FxA10Pt.QnybwSFzbojI.bTn/qNDf00QcQimkqv4EitUK4UrDsam', 'staff', '31', '13', '11', '2025-06-13 06:34:32', '2025-06-13 06:34:32'),
(37, 'florence.nechesa@evidenceaction.org', '$2y$10$iLYDSqKypp2JdzlabKfia.Etg5G4AiyCzkDFwoCLYuObavDmkUsia', 'staff', '28', '13', '13', '2025-06-13 06:35:04', '2025-06-13 06:35:04'),
(38, 'ferdnand.ongeta@evidenceaction.org', '$2y$10$G/.7IVJnX/5aVCUSfhFT7.kFCXqxVEHfS1Y0O8YK6ZxX1dAjCJG7u', 'staff', '25', '10', '11', '2025-06-13 06:35:33', '2025-06-13 06:35:33'),
(39, 'faridah.mungoni@evidenceaction.org', '$2y$10$6dc9ASeVUrHcKnqQub0Z7.b5Ty7chdFBVRKQUUeaTwYplrFLHzcue', 'staff', '26', '10', '11', '2025-06-13 06:36:19', '2025-06-13 06:36:19'),
(40, 'emmanuel.owino@evidenceaction.org', '$2y$10$hhxvwr.y/8ZbHAfA5CjY/.nl5nNRPfO3KOfEELnjsz.PrzHd0Dl16', 'staff', '29', '12', '11', '2025-06-13 06:36:59', '2025-06-13 06:36:59'),
(41, 'brian.masibo@evidenceaction.org', '$2y$10$yyLLVa/1dnQsV4PcEf..EO1I/kxkZOjsC0pPlJWKDcs2jhBYfoxGS', 'staff', '30', '12', '11', '2025-06-13 06:37:25', '2025-06-13 06:37:25'),
(42, 'gentrix.obinda@evidenceaction.org', '$2y$10$jm8vlFCLkOOIkGuDXQXaY.CRY8JbuYo2Wop5Yb6d2LLgIkuPnqmFW', 'staff', '27', '12', '13', '2025-06-13 06:38:11', '2025-06-13 06:38:11'),
(43, 'peter.mbuta@evidenceaction.org', '$2y$10$HH.EGYDSruHrgNvEv1L2lezyxOSpKAY12zQJyIPEjI7DAs8mvZljq', 'staff', '27', '12', '13', '2025-06-13 06:39:00', '2025-06-13 06:39:00'),
(44, 'eunice.mutahi@evidenceaction.org', '$2y$10$Xxo2.o7taDOmzHDV4Org..vdZcWUilfNzJbNmSRz4qsAUh8GSqpXS', 'staff', '31', '12', '11', '2025-06-13 06:39:43', '2025-06-13 06:39:43'),
(45, 'mixie.wandera@evidenceaction.org', '$2y$10$tYGVOrG2e2a49cBBa6FJXOLFZDtp14OP9FfHDkJfs5SaSRvA0TFBm', 'staff', '31', '12', '11', '2025-06-13 06:40:12', '2025-06-13 06:40:12'),
(46, 'terence.wandera@evidenceaction.org', '$2y$10$5kamzFWlHPb75BYFA2gMFu/jC9NUGofnbekOST7jRnSuvGqUfb5ua', 'admin', '28', '12', '13', '2025-06-13 06:40:41', '2025-06-13 06:40:41'),
(47, 'lynet.akello@evidenceaction.org', '$2y$10$Ml8uWiLy5xcOp2A.pkw6nOc55ZtMAnIiDVhSIMHQQ/Oe94ZiRLsbq', 'staff', '27', '14', '12', '2025-06-13 06:41:21', '2025-06-13 06:41:21'),
(48, 'alfred.mogalo@evidenceaction.org', '$2y$10$84E9XVisbf326j3jpDSmauYXLZLKcmJ0.NP/AqLeIIW.7mn7A8Kte', 'staff', '27', '14', '10', '2025-06-13 06:41:46', '2025-06-13 06:41:46'),
(49, 'jemimah.anyangu@evidenceaction.org', '$2y$10$Es2q0gaD/YzJ2KYwY289ye2KXiuX4/xLKpOrSkViT9gfTeDjntxTm', 'staff', '27', '14', '14', '2025-06-13 06:42:11', '2025-06-13 06:42:11'),
(50, 'tina.apiyo@evidenceaction.org', '$2y$10$kbOAKV39cD8kWD0xs5vGmejba/UpaJ8hjUao4PjnGIAxhDsAHPdGO', 'staff', '27', '14', '13', '2025-06-13 06:42:44', '2025-06-13 06:42:44'),
(51, 'godfrey.barasa@evidenceaction.org', '$2y$10$6VbyBfTYXrOYEBRJi.CJDepm2DIsMP9HOuEWkBLX0W7bPtGyCsFqm', 'staff', '27', '14', '15', '2025-06-13 06:43:07', '2025-06-13 06:43:07'),
(52, 'dinah.chedeyi@evidenceaction.org', '$2y$10$Sm4.z2WVgRGljiDgIb6fnOiL//FNbVxjs1iUwbQiIbzLH7IZPJpBe', 'staff', '27', '14', '13', '2025-06-13 06:43:54', '2025-06-13 06:43:54'),
(53, 'erick.echesa@evidenceaction.org', '$2y$10$fIrSjCcnK2FJqNkB0lX8C.pCLX9dq34Yte3CJPeBbjHKzn3c7LASq', 'staff', '27', '14', '15', '2025-06-13 06:44:53', '2025-06-13 06:44:53'),
(54, 'Jared.otiende@evidenceaction.org', '$2y$10$Efr3OGHYIWepyeMKoIj.5ugMF8ugmcZaMtlnJX6Ayu0VdTrtM8JMy', 'staff', '27', '14', '16', '2025-06-13 06:45:23', '2025-06-13 06:45:23'),
(55, 'dorcas.lukobo@evidenceaction.org', '$2y$10$qI/R4IlaGvaKulmyZkHPueT.4SKH/ZPxc8yRmy4ksJejM0fCirREO', 'staff', '27', '14', '17', '2025-06-13 06:45:46', '2025-06-13 06:45:46'),
(56, 'alfred.mwanzu@evidenceaction.org', '$2y$10$5joRb78xyIN6V0PwvVdu9OyAV7bC085S7nmTSPJE452BhtMl2W7wS', 'staff', '27', '14', '9', '2025-06-13 06:46:22', '2025-06-13 06:46:22'),
(57, 'alphonce.omwaro@evidenceaction.org', '$2y$10$2ly97S3o6gMdFceUuQ9xq.2nrIYcNl6p7mzDCRiYxEwnP/kkjr8ZO', 'staff', '27', '14', '12', '2025-06-13 06:47:00', '2025-06-13 06:47:00'),
(58, 'jeremiah.opiyo@evidenceaction.org', '$2y$10$lczx1H/gH0Y8uII7IINVteN.Y2N4Bpv8FV3et06T9iOgHesFeMghO', 'staff', '27', '14', '18', '2025-06-13 06:47:31', '2025-06-13 06:47:31'),
(59, 'douglas.simiyu@evidenceaction.org', '$2y$10$q8.FnREO4e5Td6uu.VN61.9xFeQz4gga0FiQtHafo4ZyKDCSvH/Fu', 'staff', '27', '14', '13', '2025-06-13 06:48:06', '2025-06-13 06:48:06'),
(60, 'natasha.maingi@evidenceaction.org', '$2y$10$Z1dvMSlFEdIo8R44V7s6muh1Yd6e8clkj6KDdmp7qF9MypMjPNzRe', 'staff', '32', '15', '11', '2025-06-13 06:55:39', '2025-06-13 06:55:39'),
(61, 'brian.muriuki@evidenceaction.org', '$2y$10$Tw8NTY5eqLduuY06yz16V.uNtRSTSEgAHwynTqytdTU5d1Hx6X1IG', 'staff', '29', '14', '11', '2025-06-13 06:56:08', '2025-06-13 06:56:08'),
(62, 'lilian.waitiki@evidenceaction.org', '$2y$10$ectW3Zn92U21P7ZCVyVaDO7n1JL6NzctnDLBTjgQbMro8R5V9GESK', 'staff', '30', '15', '11', '2025-06-13 06:56:29', '2025-06-13 06:56:29'),
(63, 'rinah.abwao@evidenceaction.org', '$2y$10$FHs3b.zkIFIlqOssImx84OnGKmVdfdQhZrLeDMLO.KJc6DWYzYgLi', 'staff', '31', '15', '11', '2025-06-13 07:00:38', '2025-06-13 07:00:38'),
(64, 'Nicholas.omollo@evidenceaction.org', '$2y$10$2blLaw0f4bbhfC1dNL1KXO.R1AY50bnzP1w1Edy1QSDGKlq/b57tG', 'admin', '33', '12', '9', '2025-06-13 07:04:57', '2025-06-13 07:04:57'),
(65, 'johnmark.oyugi@evidenceaction.org', '$2y$10$YIsBIXcZnQHQwoEjrKwT8OtfwJCnb9TPJsYswAutVpFOXazRo7M4q', 'admin', '33', '13', '11', '2025-06-13 07:05:21', '2025-06-13 07:05:21'),
(66, 'johnmary.kibirige@evidenceaction.org', '$2y$10$ulbu0yvWVGcEpmhsxyHgWepZDF0wcAvPm9lbYTtXbqHTn.WiFtdrq', 'admin', '33', '13', '21', '2025-06-13 08:27:15', '2025-06-13 08:27:15'),
(67, 'gomezgani.phiri@evidenceaction.org', '$2y$10$yxkXkwsdsgjWGyhXkPuz7.NKlLvT5detxHV79VPR/PXnvTckd59uq', 'admin', '33', '12', '20', '2025-06-13 08:27:51', '2025-06-13 08:27:51'),
(68, 'kingsley.usie@evidenceaction.org', '$2y$10$mY3nHDwoy50vUVNwiKRVCu7kglO1kZ94B1CmKLHfVeMNN5gtMS24m', 'admin', '33', '11', '19', '2025-06-13 08:28:44', '2025-06-13 08:28:44'),
(69, 'maarten.vandereep@evidenceaction.org', '$2y$10$cUqzb90A99ESBDjaTCJAiexPEpWNWRX7loTEy168gJCyHRsDjFWca', 'staff', '23', '16', '11', '2025-06-16 09:38:06', '2025-06-16 09:38:06');

--
-- Indexes for dumped tables
--

--
-- Indexes for table `categories`
--
ALTER TABLE `categories`
  ADD PRIMARY KEY (`id`);

--
-- Indexes for table `confirmation_log`
--
ALTER TABLE `confirmation_log`
  ADD PRIMARY KEY (`id`),
  ADD KEY `inventory_assignment_id` (`inventory_assignment_id`);

--
-- Indexes for table `departments`
--
ALTER TABLE `departments`
  ADD PRIMARY KEY (`id`),
  ADD UNIQUE KEY `department_name` (`department_name`);

--
-- Indexes for table `inventory`
--
ALTER TABLE `inventory`
  ADD PRIMARY KEY (`id`),
  ADD UNIQUE KEY `serial_number` (`serial_number`),
  ADD UNIQUE KEY `tag_number` (`tag_number`),
  ADD KEY `category_id` (`category_id`);

--
-- Indexes for table `inventory_assignment`
--
ALTER TABLE `inventory_assignment`
  ADD PRIMARY KEY (`id`),
  ADD KEY `reconfirmation_session_id` (`reconfirmation_session_id`);

--
-- Indexes for table `inventory_returned`
--
ALTER TABLE `inventory_returned`
  ADD PRIMARY KEY (`id`),
  ADD KEY `assignment_id` (`assignment_id`),
  ADD KEY `receiver_id` (`receiver_id`),
  ADD KEY `approved_by` (`approved_by`);

--
-- Indexes for table `locations`
--
ALTER TABLE `locations`
  ADD PRIMARY KEY (`id`),
  ADD UNIQUE KEY `location_name` (`location_name`);

--
-- Indexes for table `offices`
--
ALTER TABLE `offices`
  ADD PRIMARY KEY (`id`),
  ADD KEY `location_id` (`location_id`);

--
-- Indexes for table `positions`
--
ALTER TABLE `positions`
  ADD PRIMARY KEY (`id`);

--
-- Indexes for table `reconfirmation_sessions`
--
ALTER TABLE `reconfirmation_sessions`
  ADD PRIMARY KEY (`id`);

--
-- Indexes for table `staff_login`
--
ALTER TABLE `staff_login`
  ADD PRIMARY KEY (`id`),
  ADD UNIQUE KEY `email` (`email`);

--
-- AUTO_INCREMENT for dumped tables
--

--
-- AUTO_INCREMENT for table `categories`
--
ALTER TABLE `categories`
  MODIFY `id` int(11) NOT NULL AUTO_INCREMENT, AUTO_INCREMENT=74;

--
-- AUTO_INCREMENT for table `confirmation_log`
--
ALTER TABLE `confirmation_log`
  MODIFY `id` int(11) NOT NULL AUTO_INCREMENT, AUTO_INCREMENT=17;

--
-- AUTO_INCREMENT for table `departments`
--
ALTER TABLE `departments`
  MODIFY `id` int(11) NOT NULL AUTO_INCREMENT, AUTO_INCREMENT=34;

--
-- AUTO_INCREMENT for table `inventory`
--
ALTER TABLE `inventory`
  MODIFY `id` int(11) NOT NULL AUTO_INCREMENT, AUTO_INCREMENT=471;

--
-- AUTO_INCREMENT for table `inventory_assignment`
--
ALTER TABLE `inventory_assignment`
  MODIFY `id` int(11) NOT NULL AUTO_INCREMENT, AUTO_INCREMENT=181;

--
-- AUTO_INCREMENT for table `inventory_returned`
--
ALTER TABLE `inventory_returned`
  MODIFY `id` int(11) NOT NULL AUTO_INCREMENT, AUTO_INCREMENT=111;

--
-- AUTO_INCREMENT for table `locations`
--
ALTER TABLE `locations`
  MODIFY `id` int(11) NOT NULL AUTO_INCREMENT, AUTO_INCREMENT=20;

--
-- AUTO_INCREMENT for table `offices`
--
ALTER TABLE `offices`
  MODIFY `id` int(11) NOT NULL AUTO_INCREMENT, AUTO_INCREMENT=22;

--
-- AUTO_INCREMENT for table `positions`
--
ALTER TABLE `positions`
  MODIFY `id` int(11) NOT NULL AUTO_INCREMENT, AUTO_INCREMENT=17;

--
-- AUTO_INCREMENT for table `reconfirmation_sessions`
--
ALTER TABLE `reconfirmation_sessions`
  MODIFY `id` int(11) NOT NULL AUTO_INCREMENT, AUTO_INCREMENT=20;

--
-- AUTO_INCREMENT for table `staff_login`
--
ALTER TABLE `staff_login`
  MODIFY `id` int(11) NOT NULL AUTO_INCREMENT, AUTO_INCREMENT=70;

--
-- Constraints for dumped tables
--

--
-- Constraints for table `confirmation_log`
--
ALTER TABLE `confirmation_log`
  ADD CONSTRAINT `confirmation_log_ibfk_1` FOREIGN KEY (`inventory_assignment_id`) REFERENCES `inventory_assignment` (`id`);

--
-- Constraints for table `inventory`
--
ALTER TABLE `inventory`
  ADD CONSTRAINT `inventory_ibfk_1` FOREIGN KEY (`category_id`) REFERENCES `categories` (`id`) ON DELETE CASCADE;

--
-- Constraints for table `inventory_assignment`
--
ALTER TABLE `inventory_assignment`
  ADD CONSTRAINT `inventory_assignment_ibfk_1` FOREIGN KEY (`reconfirmation_session_id`) REFERENCES `reconfirmation_sessions` (`id`);

--
-- Constraints for table `inventory_returned`
--
ALTER TABLE `inventory_returned`
  ADD CONSTRAINT `inventory_returned_ibfk_1` FOREIGN KEY (`assignment_id`) REFERENCES `inventory_assignment` (`id`) ON DELETE CASCADE,
  ADD CONSTRAINT `inventory_returned_ibfk_3` FOREIGN KEY (`receiver_id`) REFERENCES `staff_login` (`id`) ON DELETE CASCADE,
  ADD CONSTRAINT `inventory_returned_ibfk_4` FOREIGN KEY (`approved_by`) REFERENCES `staff_login` (`id`) ON DELETE SET NULL;

--
-- Constraints for table `offices`
--
ALTER TABLE `offices`
  ADD CONSTRAINT `offices_ibfk_1` FOREIGN KEY (`location_id`) REFERENCES `locations` (`id`) ON DELETE CASCADE;
COMMIT;

/*!40101 SET CHARACTER_SET_CLIENT=@OLD_CHARACTER_SET_CLIENT */;
/*!40101 SET CHARACTER_SET_RESULTS=@OLD_CHARACTER_SET_RESULTS */;
/*!40101 SET COLLATION_CONNECTION=@OLD_COLLATION_CONNECTION */;
